date,min,max,pm25,q1,q3,stdev,count
2021-09-07T00:00:00.000Z,0.1,2.47,0.7,0.38,1.38,0.578,330
2021-09-08T00:00:00.000Z,0.2,2.8,0.77,0.56,1.08,0.44,579
2021-09-09T00:00:00.000Z,0.52,3.58,1.48,1.17,1.98,0.576,492
2021-09-10T00:00:00.000Z,0.82,6.3,2.13,1.6,2.88,1.03,537
2021-09-11T00:00:00.000Z,0.52,4.53,1.92,1.2,2.63,0.865,571
2021-09-12T00:00:00.000Z,0.6,4,2,1.2,2.6,0.779,564
2021-09-13T00:00:00.000Z,0.03,3.4,0.45,0.3,1.12,0.65,567
2021-09-14T00:00:00.000Z,0,1.52,0.32,0.2,0.5,0.22,583
2021-09-15T00:00:00.000Z,0,1.88,0.4,0.3,0.52,0.192,530
2021-09-16T00:00:00.000Z,0,1.63,0.4,0.3,0.52,0.213,538
2021-09-17T00:00:00.000Z,0,1.05,0.22,0.2,0.3,0.14,562
2021-09-18T00:00:00.000Z,0,1.75,0.3,0.2,0.56,0.305,549
2021-09-19T00:00:00.000Z,0,0.45,0.1,0.1,0.1,0.061,574
2021-09-20T00:00:00.000Z,0,0.8,0.2,0.1,0.3,0.117,574
2021-09-21T00:00:00.000Z,0.03,0.95,0.2,0.1,0.3,0.133,573
2021-09-22T00:00:00.000Z,0.1,1.35,0.38,0.28,0.55,0.209,568
2021-09-23T00:00:00.000Z,0.22,2.08,0.82,0.6,1.1,0.346,584
2021-09-24T00:00:00.000Z,0,1.77,0.22,0.17,0.38,0.223,563
2021-09-25T00:00:00.000Z,0,1.38,0.4,0.25,0.6,0.242,568
2021-09-26T00:00:00.000Z,0,1.2,0.3,0.2,0.5,0.227,557
2021-09-27T00:00:00.000Z,0,1.38,0.4,0.25,0.56,0.224,480
2021-09-28T00:00:00.000Z,0.2,2.75,0.8,0.6,1,0.374,569
2021-09-29T00:00:00.000Z,0.2,1.85,0.7,0.55,0.88,0.268,561
2021-09-30T00:00:00.000Z,0.4,2.25,1.12,0.9,1.33,0.308,551
2021-10-01T00:00:00.000Z,0.56,3.25,1.4,1.17,1.7,0.399,536
2021-10-02T00:00:00.000Z,0.4,2.1,1.1,0.9,1.33,0.296,564
2021-10-03T00:00:00.000Z,0.4,1.9,0.98,0.79,1.14,0.268,557
2021-10-04T00:00:00.000Z,0.3,2.2,0.98,0.8,1.2,0.285,550
2021-10-05T00:00:00.000Z,0.45,2.6,1.17,0.95,1.45,0.372,578
2021-10-06T00:00:00.000Z,0.3,2.47,0.95,0.7,1.17,0.34,550
2021-10-07T00:00:00.000Z,0.2,1.9,0.68,0.52,0.88,0.267,570
2021-10-08T00:00:00.000Z,0.2,3.95,1.2,0.85,1.75,0.68,566
2021-10-09T00:00:00.000Z,0.85,7.13,2.22,1.77,2.75,1.149,559
2021-10-10T00:00:00.000Z,0.68,5.28,2.02,1.6,2.54,0.705,553
2021-10-11T00:00:00.000Z,0.55,3.25,1.58,1.26,1.9,0.464,568
2021-10-12T00:00:00.000Z,0.7,5.85,2.12,1.58,2.92,1.002,568
2021-10-13T00:00:00.000Z,0.28,8.25,1.58,0.93,2.12,0.922,528
2021-10-14T00:00:00.000Z,0.1,3.22,0.88,0.45,1.42,0.6,568
2021-10-15T00:00:00.000Z,0.3,4.43,1.88,1.23,2.35,0.753,574
2021-10-16T00:00:00.000Z,0.1,1.67,0.47,0.3,0.75,0.337,574
2021-10-17T00:00:00.000Z,0.1,2.04,0.7,0.5,0.95,0.333,576
2021-10-18T00:00:00.000Z,0.1,1.77,0.4,0.22,0.56,0.286,552
2021-10-19T00:00:00.000Z,0.1,4.22,0.6,0.38,1.38,0.781,582
2021-10-20T00:00:00.000Z,0.2,3.5,1.5,1.13,1.92,0.625,565
2021-10-21T00:00:00.000Z,0,2.85,1.55,1.17,1.85,0.608,572
2021-10-22T00:00:00.000Z,0,1.5,0.3,0.2,0.4,0.19,566
2021-10-23T00:00:00.000Z,0.1,1,0.3,0.2,0.4,0.152,571
2021-10-24T00:00:00.000Z,0.1,1.45,0.3,0.2,0.52,0.271,575
2021-10-25T00:00:00.000Z,0.2,5.63,1.27,0.85,2.02,0.952,568
2021-10-26T00:00:00.000Z,0.82,4.3,2.1,1.75,2.5,0.571,563
2021-10-27T00:00:00.000Z,0.63,4.07,1.85,1.42,2.29,0.614,552
2021-10-28T00:00:00.000Z,0.08,2.15,0.6,0.39,0.97,0.434,545
2021-10-29T00:00:00.000Z,0.45,3.1,1.37,1.08,1.67,0.446,558
2021-10-30T00:00:00.000Z,0.7,4.15,2,1.6,2.5,0.639,568
2021-10-31T00:00:00.000Z,0.88,5.38,2.97,2.4,3.55,0.887,553
2021-11-01T00:00:00.000Z,0.7,4.18,2.16,1.7,2.6,0.658,542
2021-11-02T00:00:00.000Z,0.77,5.32,2.2,1.63,2.95,0.904,506
2021-11-03T00:00:00.000Z,0.2,2.54,0.85,0.6,1.12,0.4,538
2021-11-04T00:00:00.000Z,0.7,3.92,1.92,1.58,2.25,0.537,570
2021-11-05T00:00:00.000Z,0.15,3.67,0.8,0.55,2.1,0.908,563
2021-11-06T00:00:00.000Z,0.13,1.88,0.77,0.56,0.93,0.274,556
2022-03-27T00:00:00.000Z,0.22,2.27,1,0.6,1.33,0.495,99
2022-04-15T00:00:00.000Z,0.1,1.35,0.4,0.3,0.5,0.172,242
2022-04-16T00:00:00.000Z,0.1,3.45,0.63,0.45,0.9,0.424,478
2022-04-17T00:00:00.000Z,0.22,2.42,0.93,0.7,1.17,0.344,570
2022-04-18T00:00:00.000Z,0.43,5.82,1.4,1.14,1.85,0.702,570
2022-04-19T00:00:00.000Z,0.22,8.43,1.42,0.75,3.95,2.247,567
2022-04-20T00:00:00.000Z,0,1.48,0.35,0.2,0.47,0.188,568
2022-04-21T00:00:00.000Z,0.1,1.2,0.4,0.3,0.6,0.205,566
2022-04-22T00:00:00.000Z,0.05,1.9,0.6,0.4,0.8,0.3,573
2022-04-23T00:00:00.000Z,0,1.12,0.28,0.2,0.4,0.198,566
2022-04-24T00:00:00.000Z,0.1,2.2,0.6,0.45,0.77,0.274,576
2022-04-25T00:00:00.000Z,0.3,3.97,1,0.7,1.4,0.565,550
2022-04-26T00:00:00.000Z,0,3.45,0.55,0.38,0.95,0.705,541
2022-04-27T00:00:00.000Z,0.1,5.05,0.93,0.6,1.8,1.01,500
2022-04-28T00:00:00.000Z,0.2,5.18,2.02,1.48,2.54,0.891,563
2022-04-29T00:00:00.000Z,0.1,1.98,0.7,0.5,0.9,0.292,569
2022-04-30T00:00:00.000Z,0.32,2.4,0.95,0.77,1.17,0.32,577
2022-05-01T00:00:00.000Z,0.3,1.7,0.7,0.6,0.88,0.249,417
2022-05-02T00:00:00.000Z,0,1.12,0.4,0.25,0.55,0.223,298
2022-05-03T00:00:00.000Z,0,1.58,0.3,0.2,0.4,0.178,522
2022-05-04T00:00:00.000Z,0.08,1.63,0.52,0.38,0.75,0.292,582
2022-05-05T00:00:00.000Z,0.15,1.92,0.6,0.4,0.75,0.256,571
2022-05-06T00:00:00.000Z,0.17,1.73,0.6,0.4,0.76,0.275,568
2022-05-07T00:00:00.000Z,0.2,3.03,0.82,0.6,1.1,0.402,577
2022-05-08T00:00:00.000Z,0.1,2.27,0.5,0.35,0.7,0.294,567
2022-05-09T00:00:00.000Z,0.05,1.58,0.38,0.25,0.54,0.228,525
2022-05-10T00:00:00.000Z,0.13,1.67,0.4,0.3,0.56,0.196,474
2022-05-11T00:00:00.000Z,0.1,2.27,0.5,0.4,0.7,0.254,516
2022-05-12T00:00:00.000Z,0.1,2.65,0.75,0.5,1,0.359,509
2022-05-13T00:00:00.000Z,0.45,3.35,1.23,1,1.55,0.47,526
2022-05-14T00:00:00.000Z,0.32,2.65,1,0.77,1.21,0.341,536
2022-05-15T00:00:00.000Z,0.08,1.87,0.7,0.5,0.9,0.299,537
2022-05-16T00:00:00.000Z,0.1,1.3,0.43,0.3,0.6,0.219,526
2022-05-17T00:00:00.000Z,0.1,1.42,0.47,0.3,0.6,0.223,535
2022-05-18T00:00:00.000Z,0.1,1.58,0.56,0.4,0.73,0.248,521
2022-05-19T00:00:00.000Z,0.2,1.85,0.85,0.68,1.08,0.306,521
2022-05-20T00:00:00.000Z,0.4,2.8,1.12,0.88,1.4,0.389,517
2022-05-21T00:00:00.000Z,0.32,2.25,1.05,0.85,1.35,0.355,527
2022-05-22T00:00:00.000Z,0.1,1.98,0.75,0.5,1.02,0.337,506
2022-05-23T00:00:00.000Z,0.17,1.58,0.55,0.43,0.73,0.23,358
2022-05-24T00:00:00.000Z,0,1.63,0.3,0.2,0.5,0.24,385
2022-05-25T00:00:00.000Z,0,1.98,0.3,0.2,0.5,0.25,425
2022-05-28T00:00:00.000Z,0.1,1.1,0.4,0.22,0.52,0.229,154
2022-05-29T00:00:00.000Z,0.08,1.3,0.38,0.2,0.55,0.232,457
2022-05-30T00:00:00.000Z,0.03,1.14,0.3,0.2,0.43,0.181,465
2022-05-31T00:00:00.000Z,0.1,1.45,0.4,0.3,0.56,0.223,474
2022-06-01T00:00:00.000Z,0,1.65,0.4,0.3,0.6,0.254,493
2022-06-02T00:00:00.000Z,0.1,1,0.3,0.2,0.43,0.183,174
2022-06-03T00:00:00.000Z,0,1.02,0.3,0.2,0.4,0.172,292
2022-06-04T00:00:00.000Z,0,0.88,0.2,0.1,0.3,0.155,419
2022-06-05T00:00:00.000Z,0,0.93,0.3,0.2,0.43,0.173,432
2022-06-06T00:00:00.000Z,0,1.25,0.4,0.22,0.56,0.234,338
2022-06-07T00:00:00.000Z,0.13,1.45,0.47,0.35,0.63,0.235,377
2022-06-08T00:00:00.000Z,0,1.53,0.3,0.2,0.43,0.224,502
2022-06-09T00:00:00.000Z,0.03,1.67,0.45,0.3,0.63,0.257,494
2022-06-10T00:00:00.000Z,0.05,1.63,0.38,0.25,0.5,0.227,493
2022-06-11T00:00:00.000Z,0,1,0.25,0.17,0.35,0.158,469
2022-06-12T00:00:00.000Z,0,1.3,0.3,0.2,0.4,0.189,490
2022-06-13T00:00:00.000Z,0,1,0.3,0.2,0.4,0.176,451
2022-06-14T00:00:00.000Z,0,1.35,0.3,0.2,0.47,0.215,344
2022-06-15T00:00:00.000Z,0.03,1.55,0.4,0.3,0.5,0.2,489
2022-06-16T00:00:00.000Z,0.17,1.85,0.5,0.38,0.68,0.217,476
2022-06-17T00:00:00.000Z,0.1,1.7,0.5,0.38,0.65,0.234,430
2022-06-18T00:00:00.000Z,0.08,5.85,0.45,0.3,0.6,0.476,329
2022-06-19T00:00:00.000Z,0,1,0.3,0.2,0.5,0.191,269
2022-06-20T00:00:00.000Z,0,1.23,0.32,0.2,0.52,0.237,376
2022-06-21T00:00:00.000Z,0,0.95,0.3,0.2,0.43,0.186,347
2022-06-22T00:00:00.000Z,0,1.23,0.1,0.1,0.21,0.149,313
2022-06-23T00:00:00.000Z,0,0.98,0.2,0.1,0.3,0.154,312
2022-06-24T00:00:00.000Z,0,1.05,0.2,0.1,0.3,0.159,554
2022-06-25T00:00:00.000Z,0,1.2,0.25,0.15,0.4,0.173,573
2022-06-26T00:00:00.000Z,0,1.2,0.2,0.1,0.32,0.185,574
2022-06-27T00:00:00.000Z,0,1.05,0.3,0.2,0.4,0.168,566
2022-06-28T00:00:00.000Z,0.08,1.55,0.47,0.32,0.65,0.231,481
2022-06-29T00:00:00.000Z,0.1,1.77,0.7,0.5,0.93,0.305,549
2022-06-30T00:00:00.000Z,0.1,1.8,0.56,0.4,0.75,0.274,561
2022-07-01T00:00:00.000Z,0.1,1.6,0.55,0.4,0.75,0.25,551
2022-07-02T00:00:00.000Z,0.1,1.6,0.47,0.35,0.6,0.224,557
2022-07-03T00:00:00.000Z,0.1,1.92,0.65,0.5,0.82,0.263,518
2022-07-04T00:00:00.000Z,0.15,1.55,0.6,0.43,0.75,0.238,549
2022-07-05T00:00:00.000Z,0.15,1.9,0.6,0.45,0.77,0.288,532
2022-07-06T00:00:00.000Z,0.13,1.6,0.63,0.47,0.8,0.264,548
2022-07-07T00:00:00.000Z,0.2,3.22,0.56,0.43,0.75,0.391,376
2022-07-08T00:00:00.000Z,0.08,1.73,0.38,0.28,0.5,0.197,540
2022-07-09T00:00:00.000Z,0,1.12,0.3,0.2,0.4,0.164,526
2022-07-10T00:00:00.000Z,0.1,1.38,0.43,0.32,0.59,0.194,545
2022-07-11T00:00:00.000Z,0.1,1.2,0.4,0.3,0.55,0.194,556
2022-07-12T00:00:00.000Z,0.1,1.23,0.35,0.25,0.47,0.183,566
2022-07-13T00:00:00.000Z,0.1,1.42,0.4,0.3,0.55,0.201,514
2022-07-14T00:00:00.000Z,0.03,1.02,0.32,0.25,0.45,0.145,542
2022-07-15T00:00:00.000Z,0.08,1.25,0.32,0.28,0.45,0.183,516
2022-07-16T00:00:00.000Z,0,1.85,0.38,0.3,0.5,0.218,575
2022-07-17T00:00:00.000Z,0,1.08,0.35,0.3,0.45,0.145,581
2022-07-18T00:00:00.000Z,0.1,1.55,0.4,0.3,0.52,0.202,573
2022-07-19T00:00:00.000Z,0.1,1.2,0.5,0.4,0.63,0.185,573
2022-07-20T00:00:00.000Z,0.1,2,0.7,0.5,0.98,0.343,573
2022-07-21T00:00:00.000Z,0.32,2.33,0.9,0.75,1.1,0.282,566
2022-07-22T00:00:00.000Z,0.2,1.67,0.63,0.5,0.8,0.256,582
2022-07-23T00:00:00.000Z,0.17,1.52,0.6,0.47,0.85,0.271,565
2022-07-24T00:00:00.000Z,0.2,2.6,0.9,0.6,1.4,0.521,572
2022-07-25T00:00:00.000Z,0.5,2.54,1.23,1,1.52,0.392,579
2022-07-26T00:00:00.000Z,0.1,3.55,1.04,0.56,1.77,0.735,570
2022-07-27T00:00:00.000Z,0,2.97,0.95,0.4,1.5,0.675,575
2022-07-28T00:00:00.000Z,0,1.63,0.38,0.25,0.5,0.221,562
2022-07-29T00:00:00.000Z,0.1,1.8,0.43,0.3,0.56,0.226,562
2022-07-30T00:00:00.000Z,0.1,2.38,0.63,0.4,0.85,0.314,569
2022-07-31T00:00:00.000Z,0.17,1.85,0.63,0.5,0.8,0.259,465
2022-08-01T00:00:00.000Z,0.15,1.8,0.6,0.45,0.75,0.239,508
2022-08-02T00:00:00.000Z,0.1,1.3,0.38,0.3,0.5,0.168,537
2022-08-03T00:00:00.000Z,0.1,1.33,0.38,0.3,0.5,0.159,548
2022-08-04T00:00:00.000Z,0.1,1.05,0.35,0.28,0.5,0.174,463
2022-08-05T00:00:00.000Z,0,1.25,0.38,0.28,0.5,0.177,556
2022-08-06T00:00:00.000Z,0.1,1.4,0.5,0.4,0.6,0.168,546
2022-08-07T00:00:00.000Z,0.2,1.43,0.55,0.45,0.7,0.191,433
2022-08-08T00:00:00.000Z,0.25,1.5,0.68,0.52,0.84,0.225,377
2022-08-09T00:00:00.000Z,0.2,1.8,0.65,0.5,0.82,0.244,558
2022-08-10T00:00:00.000Z,0.1,1.5,0.52,0.4,0.68,0.215,473
2022-08-11T00:00:00.000Z,0.1,1.42,0.45,0.35,0.6,0.205,444
2022-08-12T00:00:00.000Z,0.2,1.45,0.6,0.47,0.73,0.208,552
2022-08-13T00:00:00.000Z,0.1,1.5,0.52,0.4,0.7,0.21,574
2022-08-14T00:00:00.000Z,0,1.67,0.55,0.32,0.79,0.312,549
2022-08-15T00:00:00.000Z,0.05,1.27,0.38,0.25,0.5,0.23,451
2022-08-16T00:00:00.000Z,0.1,1.35,0.45,0.3,0.6,0.211,578
2022-08-17T00:00:00.000Z,0,1.27,0.3,0.2,0.4,0.181,431
2022-08-18T00:00:00.000Z,0.1,1.88,0.52,0.35,0.75,0.317,472
2022-08-19T00:00:00.000Z,0.1,1.45,0.5,0.35,0.65,0.221,575
2022-08-20T00:00:00.000Z,0,0.8,0.25,0.2,0.32,0.134,534
2022-08-21T00:00:00.000Z,0.05,1.08,0.3,0.2,0.4,0.176,515
2022-08-22T00:00:00.000Z,0.1,1.5,0.4,0.3,0.55,0.201,337
2022-08-23T00:00:00.000Z,0,1.1,0.3,0.2,0.4,0.158,524
2022-08-24T00:00:00.000Z,0,1.17,0.3,0.2,0.4,0.187,476
2022-08-25T00:00:00.000Z,0.1,1.12,0.4,0.3,0.56,0.181,502
2022-08-26T00:00:00.000Z,0,1.17,0.38,0.2,0.55,0.217,546
2022-08-27T00:00:00.000Z,0,0.95,0.28,0.2,0.35,0.147,536
2022-08-28T00:00:00.000Z,0,1.25,0.4,0.3,0.5,0.178,534
2022-08-29T00:00:00.000Z,0.1,1.3,0.4,0.3,0.55,0.196,510
2022-08-30T00:00:00.000Z,0.1,1.98,0.6,0.4,0.85,0.338,536
2022-08-31T00:00:00.000Z,0.13,2.1,0.8,0.56,1.05,0.34,529
2022-09-01T00:00:00.000Z,0,1.85,0.56,0.35,0.85,0.351,488
2022-09-02T00:00:00.000Z,0,1.05,0.2,0.13,0.35,0.18,468
2022-09-03T00:00:00.000Z,0,0.95,0.2,0.1,0.3,0.161,378
2022-09-04T00:00:00.000Z,0.1,0.5,0.22,0.15,0.42,0.136,9
2022-09-19T00:00:00.000Z,0.1,1.52,0.4,0.28,0.52,0.213,275
2022-09-20T00:00:00.000Z,0.03,1.12,0.3,0.22,0.47,0.187,434
2022-09-21T00:00:00.000Z,0.05,1.35,0.35,0.22,0.5,0.216,474
2022-09-22T00:00:00.000Z,0,1.14,0.35,0.22,0.5,0.188,505
2022-09-23T00:00:00.000Z,0.08,1.33,0.4,0.28,0.5,0.189,489
2022-09-24T00:00:00.000Z,0,1.48,0.3,0.2,0.5,0.248,517
2022-09-25T00:00:00.000Z,0,0.85,0.2,0.17,0.35,0.152,484
2022-09-26T00:00:00.000Z,0,1.1,0.2,0.15,0.32,0.177,472
2022-09-27T00:00:00.000Z,0,1,0.2,0.1,0.3,0.144,504
2022-09-28T00:00:00.000Z,0,1.02,0.2,0.1,0.25,0.131,503
2022-09-29T00:00:00.000Z,0,1.08,0.2,0.1,0.3,0.158,466
2022-09-30T00:00:00.000Z,0,0.75,0.17,0.1,0.2,0.109,497
2022-10-01T00:00:00.000Z,0,0.75,0.13,0.1,0.2,0.113,442
2022-10-02T00:00:00.000Z,0,0.73,0.1,0.1,0.2,0.104,252
2022-10-03T00:00:00.000Z,0,1.23,0.4,0.3,0.6,0.26,259
2022-10-04T00:00:00.000Z,0.1,1.73,0.56,0.38,0.77,0.301,325
2022-10-05T00:00:00.000Z,0.05,2.08,0.45,0.3,0.68,0.304,315
2022-10-06T00:00:00.000Z,0.05,1.2,0.3,0.2,0.5,0.206,513
2022-10-07T00:00:00.000Z,0.03,1.38,0.3,0.2,0.45,0.213,514
2022-10-08T00:00:00.000Z,0,1.45,0.4,0.25,0.6,0.251,533
2022-10-09T00:00:00.000Z,0,1.4,0.32,0.2,0.5,0.215,536
2022-10-10T00:00:00.000Z,0,2.25,0.5,0.3,0.75,0.332,526
2022-10-11T00:00:00.000Z,0.1,1.85,0.56,0.4,0.8,0.318,517
2022-10-12T00:00:00.000Z,0,1.5,0.3,0.2,0.43,0.192,529
2022-10-13T00:00:00.000Z,0,0.98,0.3,0.2,0.4,0.18,537
2022-10-14T00:00:00.000Z,0,1.23,0.3,0.2,0.45,0.189,516
2022-10-15T00:00:00.000Z,0,1.45,0.25,0.2,0.4,0.221,526
2022-10-16T00:00:00.000Z,0,1.73,0.3,0.2,0.43,0.23,414
2022-10-17T00:00:00.000Z,0,2.1,0.4,0.25,0.56,0.289,524
2022-10-18T00:00:00.000Z,0.1,2.13,0.55,0.38,0.8,0.318,351
2022-10-21T00:00:00.000Z,0.2,2.1,0.93,0.7,1.23,0.364,514
2022-10-22T00:00:00.000Z,0.1,1.65,0.5,0.38,0.7,0.265,542
2022-10-23T00:00:00.000Z,0,1.48,0.4,0.28,0.52,0.22,529
2022-10-24T00:00:00.000Z,0,1.73,0.4,0.25,0.6,0.283,503
2022-10-25T00:00:00.000Z,0,1.77,0.4,0.28,0.6,0.288,512
2022-10-26T00:00:00.000Z,0,2.08,0.4,0.28,0.63,0.322,511
2022-10-27T00:00:00.000Z,0.1,1.55,0.45,0.3,0.65,0.271,512
2022-10-28T00:00:00.000Z,0.1,1.83,0.7,0.45,0.9,0.32,470
2022-10-29T00:00:00.000Z,0.17,2.29,0.7,0.52,0.9,0.28,509
2022-10-30T00:00:00.000Z,0.2,1.8,0.68,0.5,0.82,0.256,507
2022-10-31T00:00:00.000Z,0.2,2.95,0.82,0.65,1,0.304,520
2022-11-01T00:00:00.000Z,0.1,2.08,0.8,0.6,1.08,0.333,496
2022-11-02T00:00:00.000Z,0.1,2.52,0.9,0.52,1.25,0.47,505
2022-11-03T00:00:00.000Z,0,1.98,0.38,0.2,0.77,0.397,535
2022-11-04T00:00:00.000Z,0,0.8,0.17,0.1,0.25,0.126,497
2022-11-05T00:00:00.000Z,0,1.05,0.2,0.15,0.3,0.144,505
2022-11-06T00:00:00.000Z,0.08,1.33,0.3,0.2,0.4,0.169,504
2022-11-07T00:00:00.000Z,0,1.5,0.3,0.2,0.43,0.198,531
2022-11-08T00:00:00.000Z,0.05,1.52,0.35,0.2,0.5,0.204,510
2022-11-09T00:00:00.000Z,0,1.1,0.2,0.1,0.3,0.15,533
2022-11-10T00:00:00.000Z,0,1.05,0.2,0.1,0.3,0.135,531
2022-11-11T00:00:00.000Z,0,1.12,0.2,0.1,0.35,0.177,501
2022-11-12T00:00:00.000Z,0,1.63,0.4,0.28,0.63,0.278,522
2022-11-13T00:00:00.000Z,0.08,1.65,0.4,0.28,0.56,0.255,546
2022-11-14T00:00:00.000Z,0,1.8,0.3,0.2,0.43,0.202,530
2022-11-15T00:00:00.000Z,0,4.84,0.22,0.13,0.4,0.443,388
2022-11-16T00:00:00.000Z,0,0.63,0.1,0.1,0.15,0.104,219
2022-11-17T00:00:00.000Z,0,0.82,0.1,0.1,0.2,0.128,428
2022-11-18T00:00:00.000Z,0,1,0.15,0.1,0.2,0.139,522
2022-11-19T00:00:00.000Z,0,1.05,0.2,0.1,0.2,0.134,439
2022-11-20T00:00:00.000Z,0,0.65,0.15,0.1,0.2,0.099,304
2022-11-21T00:00:00.000Z,0,0.8,0.1,0.1,0.2,0.121,523
2022-11-22T00:00:00.000Z,0,1.35,0.22,0.1,0.39,0.183,513
2022-11-23T00:00:00.000Z,0,1.14,0.13,0.1,0.2,0.155,512
2022-11-24T00:00:00.000Z,0,1.1,0.28,0.2,0.4,0.183,530
2022-11-25T00:00:00.000Z,0,0.93,0.2,0.13,0.3,0.15,516
2022-11-26T00:00:00.000Z,0.03,1.17,0.2,0.1,0.3,0.146,518
2022-11-27T00:00:00.000Z,0,0.95,0.2,0.1,0.3,0.166,525
2022-11-28T00:00:00.000Z,0,0.82,0.2,0.1,0.3,0.138,408
2022-11-29T00:00:00.000Z,0,0.88,0.2,0.15,0.35,0.142,263
2022-11-30T00:00:00.000Z,0.03,1.02,0.3,0.2,0.4,0.173,517
2022-12-01T00:00:00.000Z,0.1,1.58,0.52,0.38,0.73,0.277,463
2022-12-02T00:00:00.000Z,0,1.17,0.2,0.1,0.32,0.166,566
2022-12-03T00:00:00.000Z,0.05,1.12,0.28,0.2,0.4,0.161,553
2022-12-04T00:00:00.000Z,0,1.5,0.3,0.13,0.52,0.282,513
2022-12-05T00:00:00.000Z,0.08,2.15,0.38,0.2,0.55,0.288,501
2022-12-06T00:00:00.000Z,0,1.5,0.3,0.2,0.4,0.21,517
2022-12-07T00:00:00.000Z,0.1,1.52,0.38,0.2,0.56,0.255,523
2022-12-08T00:00:00.000Z,0.1,1.42,0.3,0.2,0.45,0.205,535
2022-12-09T00:00:00.000Z,0,1.52,0.3,0.2,0.45,0.239,518
2022-12-10T00:00:00.000Z,0,0.8,0.15,0.1,0.25,0.137,519
2022-12-11T00:00:00.000Z,0,1.58,0.22,0.12,0.39,0.204,536
2022-12-12T00:00:00.000Z,0.03,2.35,0.3,0.2,0.5,0.274,487
2022-12-13T00:00:00.000Z,0,1.52,0.3,0.2,0.5,0.259,511
2022-12-14T00:00:00.000Z,0,1.65,0.28,0.17,0.4,0.193,502
2022-12-15T00:00:00.000Z,0,0.98,0.2,0.1,0.3,0.166,516
2022-12-16T00:00:00.000Z,0.08,1.5,0.3,0.2,0.43,0.209,405
2022-12-17T00:00:00.000Z,0,1,0.25,0.17,0.38,0.162,505
2022-12-18T00:00:00.000Z,0.05,1.3,0.25,0.2,0.4,0.2,504
2022-12-19T00:00:00.000Z,0.1,1.65,0.3,0.2,0.43,0.213,513
2022-12-20T00:00:00.000Z,0.1,1.6,0.5,0.35,0.7,0.255,518
2022-12-21T00:00:00.000Z,0,1.75,0.3,0.2,0.55,0.277,468
2022-12-22T00:00:00.000Z,0.03,1,0.3,0.2,0.45,0.162,518
2022-12-23T00:00:00.000Z,0.1,1.42,0.4,0.22,0.56,0.261,368
2022-12-24T00:00:00.000Z,0.1,2,0.4,0.25,0.63,0.301,379
2022-12-25T00:00:00.000Z,0.1,2.38,0.45,0.3,0.68,0.307,476
2022-12-26T00:00:00.000Z,0.1,1.3,0.3,0.2,0.45,0.216,371
2022-12-27T00:00:00.000Z,0.1,3.08,0.32,0.2,0.45,0.245,449
2022-12-28T00:00:00.000Z,0.1,2.13,0.35,0.25,0.5,0.248,476
2022-12-29T00:00:00.000Z,0,1.3,0.3,0.2,0.43,0.195,500
2022-12-30T00:00:00.000Z,0.1,1.58,0.3,0.2,0.5,0.248,433
2022-12-31T00:00:00.000Z,0.1,1.7,0.4,0.25,0.63,0.279,460
2023-01-01T00:00:00.000Z,0,1.6,0.4,0.28,0.6,0.276,481
2023-01-02T00:00:00.000Z,0.08,1.67,0.5,0.28,0.7,0.338,496
2023-01-03T00:00:00.000Z,0.1,1.58,0.46,0.3,0.63,0.269,422
2023-01-04T00:00:00.000Z,0.1,1.35,0.47,0.3,0.68,0.251,463
2023-01-05T00:00:00.000Z,0.1,1.58,0.5,0.35,0.65,0.234,493
2023-01-06T00:00:00.000Z,0.1,1.3,0.4,0.3,0.56,0.221,487
2023-01-07T00:00:00.000Z,0.1,1.4,0.5,0.3,0.68,0.241,490
2023-01-08T00:00:00.000Z,0,2.04,0.47,0.32,0.6,0.232,548
2023-01-09T00:00:00.000Z,0,0.75,0.1,0.1,0.2,0.118,492
2023-01-10T00:00:00.000Z,0,1.85,0.28,0.2,0.38,0.171,523
2023-01-11T00:00:00.000Z,0,1.12,0.22,0.17,0.38,0.169,472
2023-01-12T00:00:00.000Z,0,0.88,0.2,0.17,0.3,0.144,508
2023-01-13T00:00:00.000Z,0.1,1,0.3,0.2,0.43,0.178,468
2023-01-14T00:00:00.000Z,0.1,2.67,0.5,0.38,0.7,0.29,523
2023-01-15T00:00:00.000Z,0.1,1.33,0.47,0.3,0.63,0.253,451
2023-01-16T00:00:00.000Z,0,1.14,0.2,0.1,0.3,0.152,485
2023-01-17T00:00:00.000Z,0,0.85,0.1,0.1,0.22,0.148,501
2023-01-18T00:00:00.000Z,0.08,0.85,0.2,0.1,0.3,0.133,426
2023-01-19T00:00:00.000Z,0.05,0.9,0.2,0.17,0.3,0.121,535
2023-01-20T00:00:00.000Z,0,0.6,0.15,0.1,0.2,0.096,513
2023-01-21T00:00:00.000Z,0.03,1,0.3,0.2,0.38,0.143,450
2023-01-22T00:00:00.000Z,0.1,0.95,0.25,0.2,0.4,0.171,554
2023-01-23T00:00:00.000Z,0.1,1.25,0.2,0.2,0.32,0.166,444
2023-01-24T00:00:00.000Z,0.1,0.88,0.3,0.2,0.4,0.144,501
2023-01-25T00:00:00.000Z,0.1,1.33,0.3,0.2,0.4,0.165,473
2023-01-26T00:00:00.000Z,0.1,1.27,0.4,0.3,0.56,0.212,526
2023-01-27T00:00:00.000Z,0.1,1.27,0.4,0.3,0.55,0.203,404
2023-01-28T00:00:00.000Z,0.05,0.98,0.25,0.2,0.32,0.134,430
2023-01-29T00:00:00.000Z,0.1,1.27,0.2,0.12,0.28,0.186,69
2023-01-30T00:00:00.000Z,0.1,1.65,0.3,0.2,0.4,0.212,484
2023-01-31T00:00:00.000Z,0.1,1.38,0.2,0.2,0.3,0.15,488
2023-02-01T00:00:00.000Z,0.1,1.23,0.3,0.2,0.4,0.18,501
2023-02-02T00:00:00.000Z,0.1,1.33,0.32,0.25,0.47,0.21,497
2023-02-03T00:00:00.000Z,0.1,1.02,0.3,0.21,0.45,0.173,388
2023-02-04T00:00:00.000Z,0.08,1.02,0.28,0.2,0.4,0.161,548
2023-02-05T00:00:00.000Z,0.1,1.25,0.35,0.25,0.5,0.193,468
2023-02-06T00:00:00.000Z,0.1,1.65,0.35,0.22,0.52,0.26,445
2023-02-07T00:00:00.000Z,0.1,1.05,0.28,0.2,0.4,0.173,450
2023-02-08T00:00:00.000Z,0.1,1.4,0.3,0.17,0.43,0.216,389
2023-02-09T00:00:00.000Z,0.1,1.77,0.38,0.2,0.52,0.249,451
2023-02-10T00:00:00.000Z,0.08,1.5,0.39,0.25,0.55,0.249,238
2023-02-12T00:00:00.000Z,0.1,1.92,0.5,0.38,0.75,0.293,264
2023-02-13T00:00:00.000Z,0.1,1.35,0.45,0.25,0.7,0.273,371
2023-02-14T00:00:00.000Z,0.1,1.48,0.4,0.28,0.6,0.248,432
2023-02-15T00:00:00.000Z,0.1,1.58,0.45,0.3,0.65,0.258,381
2023-02-16T00:00:00.000Z,0.1,1.63,0.4,0.3,0.6,0.283,419
2023-02-17T00:00:00.000Z,0.1,1.67,0.42,0.28,0.6,0.273,238
2023-02-18T00:00:00.000Z,0.13,1.35,0.47,0.35,0.63,0.207,185
2023-02-19T00:00:00.000Z,0.1,1.23,0.4,0.3,0.56,0.211,432
2023-02-20T00:00:00.000Z,0.1,1.85,0.4,0.28,0.56,0.247,519
2023-02-21T00:00:00.000Z,0.1,1.45,0.5,0.38,0.65,0.23,499
2023-02-22T00:00:00.000Z,0.1,2.35,0.73,0.47,1,0.393,391
2023-02-23T00:00:00.000Z,0.03,1.85,0.4,0.2,0.68,0.373,371
2023-02-24T00:00:00.000Z,0,0.93,0.2,0.1,0.3,0.13,504
2023-02-25T00:00:00.000Z,0,0.8,0.1,0.1,0.2,0.112,416
2023-02-26T00:00:00.000Z,0,0.9,0.15,0.1,0.2,0.114,500
2023-02-27T00:00:00.000Z,0,0.85,0.2,0.1,0.3,0.142,504
2023-02-28T00:00:00.000Z,0.05,0.85,0.2,0.2,0.3,0.138,422
2023-03-01T00:00:00.000Z,0.1,0.9,0.2,0.2,0.35,0.156,526
2023-03-02T00:00:00.000Z,0,1.17,0.3,0.2,0.4,0.172,444
2023-03-03T00:00:00.000Z,0.08,0.73,0.2,0.17,0.32,0.135,239
2023-03-05T00:00:00.000Z,0.1,1.05,0.45,0.3,0.63,0.203,75
2023-03-06T00:00:00.000Z,0.05,1.4,0.3,0.2,0.4,0.176,486
2023-03-07T00:00:00.000Z,0,0.93,0.2,0.13,0.38,0.171,450
2023-03-08T00:00:00.000Z,0,0.73,0.17,0.1,0.2,0.109,525
2023-03-09T00:00:00.000Z,0,0.82,0.2,0.1,0.3,0.139,464
2023-03-10T00:00:00.000Z,0,1.12,0.28,0.17,0.4,0.182,474
2023-03-11T00:00:00.000Z,0,1.3,0.3,0.2,0.43,0.187,529
2023-03-12T00:00:00.000Z,0.1,1.38,0.4,0.28,0.5,0.188,539
2023-03-13T00:00:00.000Z,0,1,0.3,0.22,0.47,0.173,530
2023-03-14T00:00:00.000Z,0,1.5,0.28,0.2,0.4,0.187,405
2023-03-15T00:00:00.000Z,0,1.17,0.2,0.13,0.35,0.171,549
2023-03-16T00:00:00.000Z,0,1.12,0.2,0.1,0.32,0.182,535
2023-03-17T00:00:00.000Z,0,1,0.2,0.1,0.3,0.142,532
2023-03-18T00:00:00.000Z,0,0.9,0.2,0.1,0.3,0.149,430
2023-03-19T00:00:00.000Z,0,1.14,0.2,0.15,0.3,0.131,519
2023-03-20T00:00:00.000Z,0,1.27,0.3,0.2,0.45,0.202,498
2023-03-21T00:00:00.000Z,0.05,1,0.3,0.2,0.4,0.173,517
2023-03-22T00:00:00.000Z,0,1.73,0.28,0.2,0.4,0.202,524
2023-03-23T00:00:00.000Z,0,0.95,0.22,0.17,0.34,0.149,520
2023-03-24T00:00:00.000Z,0,0.88,0.2,0.1,0.3,0.124,505
2023-03-25T00:00:00.000Z,0,1.67,0.3,0.2,0.5,0.22,427
2023-03-26T00:00:00.000Z,0.05,0.6,0.2,0.17,0.35,0.139,28
2023-03-27T00:00:00.000Z,0,0.82,0.2,0.13,0.32,0.154,422
2023-03-28T00:00:00.000Z,0,1.14,0.2,0.1,0.3,0.169,278
2023-03-29T00:00:00.000Z,0,1.98,0.3,0.2,0.4,0.221,374
2023-03-30T00:00:00.000Z,0,1.35,0.28,0.2,0.43,0.207,506
2023-03-31T00:00:00.000Z,0,1.05,0.3,0.17,0.43,0.213,238
2023-04-02T00:00:00.000Z,0.1,0.82,0.2,0.1,0.3,0.159,127
2023-04-03T00:00:00.000Z,0,0.85,0.2,0.1,0.3,0.134,527
2023-04-04T00:00:00.000Z,0,0.98,0.1,0.1,0.2,0.126,570
2023-04-05T00:00:00.000Z,0,1.75,0.2,0.1,0.3,0.177,556
2023-04-06T00:00:00.000Z,0,2.4,0.2,0.1,0.3,0.198,583
2023-04-07T00:00:00.000Z,0,1.05,0.2,0.1,0.3,0.143,558
2023-04-08T00:00:00.000Z,0,1.48,0.2,0.1,0.28,0.154,576
2023-04-09T00:00:00.000Z,0,1.08,0.2,0.13,0.32,0.173,521
2023-04-10T00:00:00.000Z,0,2.35,0.6,0.3,0.98,0.447,486
2023-04-11T00:00:00.000Z,0,2.04,0.63,0.4,0.88,0.344,576
2023-04-12T00:00:00.000Z,0,0.98,0.13,0.1,0.22,0.143,575
2023-04-13T00:00:00.000Z,0,0.9,0.1,0.1,0.2,0.118,579
2023-04-14T00:00:00.000Z,0,0.82,0.1,0.1,0.2,0.132,578
2023-04-15T00:00:00.000Z,0,0.88,0.1,0.1,0.2,0.125,582
2023-04-16T00:00:00.000Z,0,1.35,0.15,0.1,0.28,0.185,583
2023-04-17T00:00:00.000Z,0,0.93,0.2,0.1,0.3,0.173,579
2023-04-18T00:00:00.000Z,0,1.38,0.2,0.1,0.28,0.154,578
2023-04-19T00:00:00.000Z,0,1.1,0.2,0.1,0.3,0.168,492
2023-04-20T00:00:00.000Z,0,1.3,0.2,0.1,0.3,0.163,588
2023-04-21T00:00:00.000Z,0.05,1.58,0.22,0.13,0.4,0.197,520
2023-04-22T00:00:00.000Z,0,0.68,0.1,0.1,0.19,0.095,509
2023-04-23T00:00:00.000Z,0,0.85,0.15,0.1,0.22,0.129,374
2023-04-24T00:00:00.000Z,0,0.98,0.2,0.13,0.3,0.145,572
2023-04-25T00:00:00.000Z,0,1.14,0.2,0.15,0.3,0.151,581
2023-04-26T00:00:00.000Z,0,1.14,0.22,0.15,0.38,0.189,578
2023-04-27T00:00:00.000Z,0,1.05,0.3,0.2,0.43,0.182,579
2023-04-28T00:00:00.000Z,0,1.2,0.25,0.2,0.35,0.155,394
2023-04-29T00:00:00.000Z,0,1.52,0.2,0.1,0.3,0.187,567
2023-04-30T00:00:00.000Z,0,1.75,0.17,0.1,0.25,0.157,420
2023-05-01T00:00:00.000Z,0,1.23,0.3,0.2,0.46,0.214,568
2023-05-02T00:00:00.000Z,0,1.17,0.2,0.1,0.32,0.177,564
2023-05-03T00:00:00.000Z,0,1.1,0.15,0.1,0.22,0.135,408
2023-05-04T00:00:00.000Z,0,1.3,0.3,0.17,0.43,0.214,580
2023-05-05T00:00:00.000Z,0.1,2.22,0.43,0.3,0.56,0.236,405
2023-05-06T00:00:00.000Z,0,2.04,0.3,0.2,0.4,0.214,567
2023-05-07T00:00:00.000Z,0,1.3,0.2,0.1,0.3,0.2,452
2023-05-08T00:00:00.000Z,0,1.55,0.4,0.25,0.52,0.236,557
2023-05-09T00:00:00.000Z,0,1.75,0.73,0.56,0.93,0.289,435
2023-05-10T00:00:00.000Z,0,1.2,0.22,0.1,0.4,0.208,268
2023-05-11T00:00:00.000Z,0,1.02,0.2,0.13,0.3,0.153,318
2023-05-12T00:00:00.000Z,0,1.02,0.2,0.1,0.3,0.178,386
2023-05-13T00:00:00.000Z,0,1.08,0.1,0.1,0.2,0.114,577
2023-05-14T00:00:00.000Z,0,0.88,0.1,0.1,0.15,0.111,247
2023-05-15T00:00:00.000Z,0,0.9,0.17,0.1,0.22,0.134,69
2023-05-16T00:00:00.000Z,0.03,0.95,0.25,0.17,0.35,0.143,326
2023-05-17T00:00:00.000Z,0,1.02,0.2,0.1,0.25,0.149,468
2023-05-18T00:00:00.000Z,0,0.75,0.2,0.1,0.28,0.123,242
2023-05-19T00:00:00.000Z,0,1.55,0.28,0.2,0.38,0.175,579
2023-05-20T00:00:00.000Z,0,1.25,0.3,0.22,0.47,0.181,586
2023-05-21T00:00:00.000Z,0,1.2,0.32,0.22,0.47,0.182,534
2023-05-22T00:00:00.000Z,0.1,1.02,0.3,0.2,0.4,0.167,280
2023-05-23T00:00:00.000Z,0,1.12,0.32,0.2,0.47,0.182,471
2023-05-24T00:00:00.000Z,0,0.88,0.2,0.1,0.32,0.152,384
2023-05-25T00:00:00.000Z,0,0.9,0.25,0.1,0.4,0.187,535
2023-05-26T00:00:00.000Z,0,0.9,0.25,0.2,0.38,0.161,319
2023-05-27T00:00:00.000Z,0.1,1.08,0.52,0.4,0.63,0.207,57
2023-05-28T00:00:00.000Z,0.1,1.45,0.4,0.3,0.5,0.198,374
2023-05-29T00:00:00.000Z,0,1.3,0.28,0.2,0.4,0.176,498
2023-05-30T00:00:00.000Z,0,1,0.25,0.17,0.4,0.165,570
2023-05-31T00:00:00.000Z,0.05,0.95,0.3,0.2,0.4,0.165,356
2023-06-01T00:00:00.000Z,0,1.38,0.38,0.28,0.5,0.221,529
2023-06-02T00:00:00.000Z,0.05,1.5,0.4,0.3,0.55,0.219,283
2023-06-03T00:00:00.000Z,0.1,1.58,0.45,0.3,0.6,0.206,464
2023-06-04T00:00:00.000Z,0.1,1.33,0.43,0.3,0.56,0.194,578
2023-06-05T00:00:00.000Z,0.03,1.3,0.38,0.25,0.5,0.205,566
2023-06-06T00:00:00.000Z,0,1.05,0.25,0.15,0.4,0.186,351
2023-06-07T00:00:00.000Z,0,1.25,0.22,0.17,0.35,0.155,491
2023-06-08T00:00:00.000Z,0.1,1.12,0.4,0.28,0.5,0.197,314
2023-06-09T00:00:00.000Z,0.05,1.1,0.4,0.28,0.5,0.189,315
2023-06-10T00:00:00.000Z,0.1,0.95,0.35,0.22,0.5,0.171,128
2023-06-11T00:00:00.000Z,0.08,1.14,0.4,0.3,0.52,0.185,387
2023-06-12T00:00:00.000Z,0,1.25,0.32,0.2,0.5,0.207,446
2023-06-13T00:00:00.000Z,0,1,0.2,0.1,0.3,0.154,477
2023-06-14T00:00:00.000Z,0.1,1.63,0.3,0.2,0.4,0.182,197
2023-06-15T00:00:00.000Z,0.03,0.93,0.3,0.2,0.4,0.15,150
2023-06-16T00:00:00.000Z,0,0.73,0.22,0.17,0.35,0.142,265
2023-06-17T00:00:00.000Z,0.1,1.27,0.4,0.3,0.55,0.176,315
2023-06-18T00:00:00.000Z,0.1,1.4,0.56,0.4,0.7,0.222,351
2023-06-19T00:00:00.000Z,0.13,1.85,0.68,0.5,0.85,0.292,336
2023-06-20T00:00:00.000Z,0,1.38,0.4,0.3,0.6,0.233,547
2023-06-21T00:00:00.000Z,0.05,1.85,0.4,0.3,0.56,0.232,301
2023-06-22T00:00:00.000Z,0,1.55,0.38,0.25,0.5,0.217,551
2023-06-23T00:00:00.000Z,0,1.4,0.44,0.3,0.6,0.225,572
2023-06-24T00:00:00.000Z,0.1,1.42,0.4,0.3,0.56,0.2,584
2023-06-25T00:00:00.000Z,0.05,1.4,0.45,0.32,0.6,0.197,547
2023-06-26T00:00:00.000Z,0.2,1.45,0.6,0.47,0.77,0.213,384
2023-06-27T00:00:00.000Z,0.17,1.5,0.72,0.5,0.9,0.255,332
2023-06-28T00:00:00.000Z,0.13,1.48,0.65,0.5,0.8,0.225,529
2023-06-29T00:00:00.000Z,0.25,2.52,1.02,0.75,1.45,0.458,585
2023-06-30T00:00:00.000Z,0.25,3.42,1.2,0.9,1.52,0.476,582
2023-07-01T00:00:00.000Z,0.3,2.38,1.14,0.95,1.38,0.317,377
2023-07-02T00:00:00.000Z,0.4,2.04,0.93,0.75,1.14,0.284,354
2023-07-03T00:00:00.000Z,0.2,1.55,0.67,0.52,0.8,0.214,190
2023-07-04T00:00:00.000Z,0.28,1.48,0.7,0.51,0.9,0.309,33
2023-07-05T00:00:00.000Z,0.2,2.45,1.1,0.82,1.4,0.41,458
2023-07-06T00:00:00.000Z,0.4,2.29,0.98,0.8,1.25,0.329,274
2023-07-07T00:00:00.000Z,0.03,1.65,0.5,0.38,0.65,0.235,213
2023-07-08T00:00:00.000Z,0.05,1.23,0.4,0.3,0.56,0.212,267
2023-07-09T00:00:00.000Z,0.1,1.45,0.5,0.4,0.64,0.222,364
2023-07-10T00:00:00.000Z,0.1,2.1,0.52,0.4,0.75,0.282,348
2023-07-11T00:00:00.000Z,0.3,2.08,0.93,0.75,1.17,0.308,532
2023-07-12T00:00:00.000Z,0,1.88,0.6,0.4,0.9,0.359,521
2023-07-13T00:00:00.000Z,0.1,3.35,0.9,0.4,1.55,0.712,440
2023-07-14T00:00:00.000Z,0.5,2.38,1.1,0.9,1.35,0.326,170
2023-07-15T00:00:00.000Z,0,1.02,0.2,0.1,0.35,0.177,223
2023-07-16T00:00:00.000Z,0,1.45,0.3,0.2,0.4,0.183,583
2023-07-17T00:00:00.000Z,0.1,1.77,0.6,0.4,0.8,0.296,305
2023-07-18T00:00:00.000Z,0.5,1.98,1.08,0.88,1.3,0.308,222
2023-07-19T00:00:00.000Z,0.3,2.9,1.14,0.84,1.55,0.51,473
2023-07-20T00:00:00.000Z,0,3.28,1.2,0.5,1.7,0.724,566
2023-07-21T00:00:00.000Z,0.1,1.88,0.63,0.45,0.82,0.288,579
2023-07-22T00:00:00.000Z,0.08,1.77,0.5,0.35,0.73,0.283,576
2023-07-23T00:00:00.000Z,0.13,2.13,0.73,0.56,0.93,0.293,585
2023-07-24T00:00:00.000Z,0,1.98,0.7,0.5,0.9,0.318,581
2023-07-25T00:00:00.000Z,0.1,1.45,0.4,0.3,0.6,0.23,583
2023-07-26T00:00:00.000Z,0,1.45,0.5,0.35,0.68,0.26,586
2023-07-27T00:00:00.000Z,0.13,1.5,0.6,0.45,0.73,0.234,571
2023-07-28T00:00:00.000Z,0.1,2.25,0.6,0.45,0.75,0.251,587
2023-07-29T00:00:00.000Z,0.05,1.48,0.6,0.45,0.73,0.235,581
2023-07-30T00:00:00.000Z,0.1,1.52,0.52,0.4,0.73,0.235,587
2023-07-31T00:00:00.000Z,0,1.27,0.5,0.35,0.68,0.223,583
2023-08-01T00:00:00.000Z,0.1,1.55,0.5,0.38,0.6,0.189,586
2023-08-02T00:00:00.000Z,0.08,1.33,0.4,0.3,0.55,0.209,576
2023-08-03T00:00:00.000Z,0,1.02,0.28,0.2,0.4,0.169,562
2023-08-04T00:00:00.000Z,0,1.58,0.43,0.3,0.6,0.246,582
2023-08-05T00:00:00.000Z,0,1.35,0.22,0.1,0.35,0.188,583
2023-08-06T00:00:00.000Z,0,1.08,0.2,0.1,0.3,0.158,569
2023-08-07T00:00:00.000Z,0,1,0.2,0.1,0.35,0.198,386
2023-08-08T00:00:00.000Z,0,1.35,0.4,0.28,0.56,0.246,211
2023-08-09T00:00:00.000Z,0,1.38,0.4,0.3,0.56,0.205,392
2023-08-10T00:00:00.000Z,0.13,1.88,0.55,0.4,0.75,0.25,567
2023-08-11T00:00:00.000Z,0.1,4.2,0.6,0.4,0.8,0.483,457
2023-08-12T00:00:00.000Z,0,1.45,0.52,0.38,0.73,0.251,445
2023-08-13T00:00:00.000Z,0.05,1.12,0.4,0.3,0.56,0.202,395
2023-08-14T00:00:00.000Z,0.1,1.58,0.63,0.43,0.82,0.263,583
2023-08-15T00:00:00.000Z,0.2,1.73,0.7,0.52,0.88,0.248,589
2023-08-16T00:00:00.000Z,0.2,2.15,0.88,0.6,1.05,0.36,288
2023-08-17T00:00:00.000Z,0.1,0.95,0.3,0.22,0.47,0.18,364
2023-08-18T00:00:00.000Z,0,0.9,0.25,0.15,0.32,0.149,143
2023-08-19T00:00:00.000Z,0,1.42,0.35,0.22,0.47,0.195,580
2023-08-20T00:00:00.000Z,0.2,1.65,0.75,0.5,1,0.335,258
2023-08-21T00:00:00.000Z,0.1,1.88,0.65,0.47,0.9,0.315,569
2023-08-22T00:00:00.000Z,0.1,1.98,0.6,0.47,0.75,0.231,582
2023-08-23T00:00:00.000Z,0,1.42,0.55,0.4,0.7,0.223,582
2023-08-24T00:00:00.000Z,0.17,1.85,0.77,0.63,0.95,0.251,581
2023-08-25T00:00:00.000Z,0.28,1.85,0.85,0.7,1.08,0.287,580
2023-08-26T00:00:00.000Z,0,1.9,0.7,0.52,0.93,0.301,584
2023-08-27T00:00:00.000Z,0,1.55,0.22,0.15,0.35,0.182,574
2023-08-28T00:00:00.000Z,0,1.17,0.2,0.13,0.32,0.178,582
2023-08-29T00:00:00.000Z,0,1.33,0.28,0.2,0.4,0.194,580
2023-08-30T00:00:00.000Z,0,0.95,0.27,0.17,0.38,0.165,580
2023-08-31T00:00:00.000Z,0,1.3,0.2,0.1,0.3,0.162,577
2023-09-01T00:00:00.000Z,0,1.14,0.2,0.13,0.32,0.165,572
2023-09-02T00:00:00.000Z,0,1.14,0.25,0.17,0.4,0.18,575
2023-09-03T00:00:00.000Z,0,1.23,0.2,0.1,0.4,0.193,566
2023-09-04T00:00:00.000Z,0,1.9,0.4,0.3,0.5,0.226,575
2023-09-05T00:00:00.000Z,0,1.25,0.32,0.2,0.5,0.223,583
2023-09-06T00:00:00.000Z,0,2.33,0.68,0.3,1.02,0.486,584
2023-09-07T00:00:00.000Z,0.1,2.35,0.52,0.35,0.8,0.36,587
2023-09-08T00:00:00.000Z,0.1,1.35,0.43,0.3,0.55,0.199,579
2023-09-09T00:00:00.000Z,0.1,1.65,0.5,0.4,0.63,0.201,576
2023-09-10T00:00:00.000Z,0.1,1.63,0.5,0.4,0.68,0.215,575
2023-09-11T00:00:00.000Z,0.03,1.14,0.42,0.3,0.55,0.193,580
2023-09-12T00:00:00.000Z,0,1.14,0.3,0.2,0.43,0.178,579
2023-09-13T00:00:00.000Z,0,1.3,0.4,0.3,0.52,0.196,559
2023-09-14T00:00:00.000Z,0.1,1.75,0.6,0.45,0.77,0.262,578
2023-09-15T00:00:00.000Z,0.08,1.85,0.65,0.47,0.88,0.307,561
2023-09-16T00:00:00.000Z,0,1.45,0.4,0.22,0.5,0.227,580
2023-09-17T00:00:00.000Z,0,1.27,0.22,0.1,0.4,0.215,586
2023-09-18T00:00:00.000Z,0,1.33,0.22,0.15,0.38,0.181,569
2023-09-19T00:00:00.000Z,0,1.33,0.2,0.1,0.35,0.172,560
2023-09-20T00:00:00.000Z,0,1.63,0.3,0.2,0.4,0.186,553
2023-09-21T00:00:00.000Z,0,1.23,0.17,0.1,0.3,0.162,580
2023-09-22T00:00:00.000Z,0,0.88,0.1,0.05,0.2,0.14,575
2023-09-23T00:00:00.000Z,0,1.08,0.2,0.1,0.3,0.165,588
2023-09-24T00:00:00.000Z,0,0.88,0.17,0.1,0.25,0.14,569
2023-09-25T00:00:00.000Z,0,1.1,0.2,0.1,0.3,0.158,586
2023-09-26T00:00:00.000Z,0,1.33,0.28,0.17,0.38,0.168,561
2023-09-27T00:00:00.000Z,0,0.98,0.2,0.15,0.3,0.148,566
2023-09-28T00:00:00.000Z,0,1.14,0.25,0.19,0.38,0.152,584
2023-09-29T00:00:00.000Z,0,1.23,0.32,0.2,0.5,0.214,584
2023-09-30T00:00:00.000Z,0.05,1.63,0.47,0.32,0.6,0.218,575
2023-10-01T00:00:00.000Z,0,1.2,0.39,0.3,0.5,0.177,534
2023-10-02T00:00:00.000Z,0,1.25,0.3,0.2,0.47,0.2,551
2023-10-03T00:00:00.000Z,0,1.5,0.3,0.2,0.43,0.186,569
2023-10-04T00:00:00.000Z,0.1,1.65,0.63,0.45,0.82,0.288,573
2023-10-05T00:00:00.000Z,0.22,2.38,0.82,0.65,1.02,0.299,483
2023-10-06T00:00:00.000Z,0.2,1.98,0.8,0.63,0.95,0.277,572
2023-10-07T00:00:00.000Z,0.15,1.63,0.6,0.45,0.75,0.242,561
2023-10-08T00:00:00.000Z,0.1,1.63,0.52,0.4,0.7,0.223,571
2023-10-09T00:00:00.000Z,0,1.33,0.5,0.38,0.63,0.205,546
2023-10-10T00:00:00.000Z,0.13,1.48,0.52,0.4,0.7,0.212,542
2023-10-11T00:00:00.000Z,0.15,1.48,0.6,0.45,0.77,0.248,558
2023-10-12T00:00:00.000Z,0.1,1.45,0.55,0.4,0.72,0.234,561
2023-10-13T00:00:00.000Z,0.2,1.83,0.63,0.47,0.82,0.27,542
2023-10-14T00:00:00.000Z,0.2,1.85,0.75,0.6,0.95,0.259,561
2023-10-15T00:00:00.000Z,0.1,1.65,0.56,0.4,0.77,0.264,573
2023-10-16T00:00:00.000Z,0,1.25,0.4,0.22,0.55,0.241,566
2023-10-17T00:00:00.000Z,0.1,1.67,0.56,0.4,0.77,0.29,564
2023-10-18T00:00:00.000Z,0,1.58,0.2,0.1,0.38,0.222,551
2023-10-19T00:00:00.000Z,0,1.42,0.2,0.1,0.45,0.259,378
2023-10-20T00:00:00.000Z,0,0.8,0.17,0.1,0.25,0.145,372
2023-10-21T00:00:00.000Z,0,1,0.17,0.1,0.3,0.157,579
2023-10-22T00:00:00.000Z,0,1.52,0.2,0.1,0.3,0.231,500
2023-10-23T00:00:00.000Z,0,1.05,0.2,0.1,0.3,0.163,497
2023-10-24T00:00:00.000Z,0,0.82,0.1,0.1,0.2,0.137,580
2023-10-25T00:00:00.000Z,0,0.9,0.2,0.1,0.3,0.161,561
2023-10-26T00:00:00.000Z,0,1.5,0.2,0.1,0.32,0.194,465
2023-10-27T00:00:00.000Z,0,1.25,0.13,0.1,0.25,0.147,577
2023-10-28T00:00:00.000Z,0,1.17,0.2,0.1,0.32,0.174,587
2023-10-29T00:00:00.000Z,0,1.2,0.2,0.1,0.3,0.156,577
2023-10-30T00:00:00.000Z,0,0.95,0.1,0.08,0.25,0.159,584
2023-10-31T00:00:00.000Z,0,1,0.17,0.1,0.3,0.165,585
2023-11-01T00:00:00.000Z,0,1.2,0.13,0.1,0.28,0.164,497
2023-11-02T00:00:00.000Z,0,0.98,0.1,0.1,0.22,0.153,312
2023-11-03T00:00:00.000Z,0,0.9,0.15,0.1,0.24,0.164,137
2023-11-04T00:00:00.000Z,0,1,0.17,0.1,0.3,0.168,127
2023-11-05T00:00:00.000Z,0,0.93,0.2,0.1,0.32,0.173,270
2023-11-06T00:00:00.000Z,0,0.95,0.17,0.1,0.3,0.166,321
2023-11-07T00:00:00.000Z,0,0.8,0.2,0.1,0.3,0.13,220
2023-11-08T00:00:00.000Z,0,0.85,0.2,0.1,0.28,0.129,431
2023-11-09T00:00:00.000Z,0,0.63,0.1,0.1,0.17,0.109,279
2023-11-10T00:00:00.000Z,0,0.95,0.2,0.1,0.3,0.148,334
2023-11-11T00:00:00.000Z,0,0.6,0.1,0.08,0.2,0.117,167
2023-11-12T00:00:00.000Z,0,1,0.1,0.1,0.2,0.12,320
2023-11-13T00:00:00.000Z,0,1.25,0.22,0.13,0.35,0.183,560
2023-11-14T00:00:00.000Z,0,1.17,0.3,0.2,0.4,0.194,305
2023-11-15T00:00:00.000Z,0,0.98,0.31,0.2,0.47,0.189,404
2023-11-16T00:00:00.000Z,0,1.14,0.2,0.1,0.37,0.201,200
2023-11-17T00:00:00.000Z,0.1,1.92,0.5,0.32,0.65,0.274,321
2023-11-18T00:00:00.000Z,0,1.98,0.5,0.3,0.77,0.349,540
2023-11-19T00:00:00.000Z,0,1.73,0.3,0.2,0.5,0.333,579
2023-11-20T00:00:00.000Z,0,1.23,0.28,0.15,0.4,0.203,469
2023-11-21T00:00:00.000Z,0,1.3,0.32,0.2,0.49,0.188,576
2023-11-22T00:00:00.000Z,0,1,0.1,0.1,0.2,0.132,314
2023-11-23T00:00:00.000Z,0,0.88,0.15,0.1,0.3,0.153,251
2023-11-24T00:00:00.000Z,0,0.9,0.2,0.1,0.3,0.158,211
2023-11-25T00:00:00.000Z,0,0.93,0.3,0.2,0.43,0.174,317
2023-11-26T00:00:00.000Z,0.08,1.33,0.32,0.2,0.47,0.205,580
2023-11-27T00:00:00.000Z,0.1,1.5,0.43,0.3,0.56,0.213,575
2023-11-28T00:00:00.000Z,0,1.33,0.3,0.2,0.45,0.211,587
2023-11-29T00:00:00.000Z,0,0.73,0.1,0.1,0.2,0.111,229
2023-11-30T00:00:00.000Z,0.03,1.12,0.38,0.28,0.56,0.23,203
2023-12-01T00:00:00.000Z,0,1.42,0.28,0.17,0.47,0.276,347
2023-12-02T00:00:00.000Z,0.03,0.6,0.2,0.1,0.3,0.12,260
2023-12-03T00:00:00.000Z,0,1,0.2,0.1,0.3,0.136,573
2023-12-04T00:00:00.000Z,0,1.27,0.2,0.15,0.4,0.201,526
2023-12-05T00:00:00.000Z,0,1.23,0.2,0.15,0.32,0.168,578
2023-12-06T00:00:00.000Z,0.08,1.2,0.3,0.2,0.43,0.208,585
2023-12-07T00:00:00.000Z,0,1.14,0.35,0.24,0.5,0.198,476
2023-12-08T00:00:00.000Z,0,0.8,0.2,0.1,0.3,0.141,229
2023-12-09T00:00:00.000Z,0,1.75,0.2,0.1,0.3,0.168,374
2023-12-10T00:00:00.000Z,0,1.25,0.28,0.2,0.45,0.199,248
2023-12-11T00:00:00.000Z,0.1,0.98,0.4,0.3,0.54,0.202,25
2023-12-12T00:00:00.000Z,0,0.7,0.2,0.13,0.35,0.154,160
2023-12-13T00:00:00.000Z,0,0.95,0.1,0.1,0.2,0.125,587
2023-12-14T00:00:00.000Z,0,0.85,0.2,0.1,0.25,0.135,583
2023-12-15T00:00:00.000Z,0,1.1,0.2,0.1,0.3,0.147,587
2023-12-16T00:00:00.000Z,0,1.02,0.2,0.1,0.25,0.14,144
2023-12-17T00:00:00.000Z,0,1.05,0.2,0.1,0.3,0.155,585
2023-12-18T00:00:00.000Z,0,1,0.2,0.1,0.3,0.142,587
2023-12-19T00:00:00.000Z,0,0.93,0.2,0.1,0.3,0.148,578
2023-12-20T00:00:00.000Z,0.1,0.95,0.3,0.2,0.43,0.174,500
2023-12-21T00:00:00.000Z,0,0.98,0.25,0.17,0.4,0.181,326
2023-12-22T00:00:00.000Z,0.1,1.2,0.3,0.2,0.43,0.192,583
2023-12-23T00:00:00.000Z,0.1,1.7,0.45,0.3,0.65,0.275,569
2023-12-24T00:00:00.000Z,0.1,2.04,0.5,0.32,0.7,0.284,580
2023-12-25T00:00:00.000Z,0.05,1.42,0.45,0.32,0.6,0.206,587
2023-12-26T00:00:00.000Z,0,1.35,0.3,0.2,0.45,0.198,250
2023-12-27T00:00:00.000Z,0.4,1.5,0.8,0.56,1,0.258,19
2023-12-28T00:00:00.000Z,0.2,1.88,0.68,0.5,0.88,0.308,329
2023-12-29T00:00:00.000Z,0.22,1.92,0.9,0.7,1.17,0.338,328
2023-12-30T00:00:00.000Z,0.1,1.52,0.68,0.5,0.85,0.258,278
2023-12-31T00:00:00.000Z,0.1,1.65,0.5,0.3,0.73,0.309,581
2024-01-01T00:00:00.000Z,0,0.95,0.2,0.1,0.32,0.165,569
2024-01-02T00:00:00.000Z,0,1.02,0.2,0.1,0.3,0.149,496
2024-01-03T00:00:00.000Z,0,0.98,0.2,0.1,0.3,0.149,575
2024-01-04T00:00:00.000Z,0,1.38,0.3,0.2,0.4,0.201,585
2024-01-05T00:00:00.000Z,0,1.38,0.1,0.1,0.2,0.155,584
2024-01-06T00:00:00.000Z,0,1.1,0.13,0.1,0.25,0.136,476
2024-01-07T00:00:00.000Z,0,1.17,0.2,0.15,0.32,0.153,585
2024-01-08T00:00:00.000Z,0,0.73,0.2,0.1,0.3,0.127,351
2024-01-09T00:00:00.000Z,0.03,1.98,0.52,0.3,0.85,0.387,343
2024-01-10T00:00:00.000Z,0,1.75,0.28,0.13,0.6,0.374,582
2024-01-11T00:00:00.000Z,0,1.14,0.2,0.13,0.32,0.157,588
2024-01-12T00:00:00.000Z,0.08,1.02,0.22,0.15,0.4,0.187,589
2024-01-13T00:00:00.000Z,0,0.95,0.22,0.2,0.38,0.165,500
2024-01-14T00:00:00.000Z,0.1,1.67,0.4,0.3,0.65,0.276,576
2024-01-15T00:00:00.000Z,0.03,2.13,0.45,0.3,0.7,0.346,586
2024-01-16T00:00:00.000Z,0,1.38,0.35,0.2,0.55,0.269,578
2024-01-17T00:00:00.000Z,0,1.25,0.3,0.2,0.45,0.213,578
2024-01-18T00:00:00.000Z,0,1.95,0.3,0.2,0.5,0.241,590
2024-01-19T00:00:00.000Z,0,1.2,0.2,0.1,0.35,0.189,576
2024-01-20T00:00:00.000Z,0,0.95,0.17,0.1,0.28,0.146,518
2024-01-21T00:00:00.000Z,0,1.65,0.2,0.1,0.32,0.191,445
2024-01-22T00:00:00.000Z,0,0.9,0.2,0.1,0.3,0.155,584
2024-01-23T00:00:00.000Z,0.1,1.63,0.4,0.28,0.55,0.242,586
2024-01-24T00:00:00.000Z,0,1.42,0.22,0.15,0.4,0.222,577
2024-01-25T00:00:00.000Z,0,1.4,0.3,0.2,0.47,0.238,458
2024-01-26T00:00:00.000Z,0.08,1,0.3,0.2,0.43,0.192,299
2024-01-27T00:00:00.000Z,0.08,1.45,0.4,0.22,0.55,0.219,546
2024-01-28T00:00:00.000Z,0.13,1.85,0.65,0.47,0.88,0.297,552
2024-01-29T00:00:00.000Z,0.1,1.58,0.52,0.35,0.73,0.272,589
2024-01-30T00:00:00.000Z,0.1,1.6,0.38,0.3,0.51,0.215,544
2024-01-31T00:00:00.000Z,0.03,1.35,0.35,0.22,0.5,0.225,494
2024-02-01T00:00:00.000Z,0.1,1.55,0.3,0.2,0.45,0.227,466
2024-02-02T00:00:00.000Z,0.1,1.23,0.32,0.2,0.45,0.188,522
2024-02-03T00:00:00.000Z,0,1.58,0.4,0.2,0.56,0.252,485
2024-02-04T00:00:00.000Z,0.05,1.12,0.25,0.17,0.38,0.172,567
2024-02-05T00:00:00.000Z,0.05,2.08,0.4,0.2,0.6,0.281,586
2024-02-06T00:00:00.000Z,0,1.45,0.43,0.3,0.56,0.207,582
2024-02-07T00:00:00.000Z,0.08,1.63,0.5,0.32,0.65,0.238,581
2024-02-08T00:00:00.000Z,0.1,1.63,0.4,0.3,0.6,0.265,415
2024-02-09T00:00:00.000Z,0,1.38,0.3,0.2,0.5,0.231,372
2024-02-10T00:00:00.000Z,0,1,0.1,0.1,0.2,0.148,523
2024-02-11T00:00:00.000Z,0,1.1,0.17,0.1,0.32,0.185,579
2024-02-12T00:00:00.000Z,0,4.5,0.22,0.1,0.45,0.438,583
2024-02-13T00:00:00.000Z,0,1.58,0.2,0.1,0.32,0.183,581
2024-02-14T00:00:00.000Z,0,1.42,0.2,0.1,0.4,0.193,563
2024-02-15T00:00:00.000Z,0,1,0.22,0.1,0.4,0.193,519
2024-02-16T00:00:00.000Z,0,0.85,0.13,0.1,0.25,0.135,262
2024-02-17T00:00:00.000Z,0,1.02,0.22,0.17,0.38,0.163,279
2024-02-18T00:00:00.000Z,0,1.45,0.2,0.1,0.25,0.141,587
2024-02-19T00:00:00.000Z,0,1.17,0.22,0.15,0.35,0.157,588
2024-02-20T00:00:00.000Z,0,1.1,0.22,0.17,0.4,0.183,397
2024-02-21T00:00:00.000Z,0.08,1.73,0.4,0.3,0.6,0.252,370
2024-02-22T00:00:00.000Z,0,1.14,0.2,0.1,0.3,0.155,585
2024-02-23T00:00:00.000Z,0,1.23,0.1,0.1,0.2,0.153,588
2024-02-24T00:00:00.000Z,0,0.7,0.13,0.1,0.25,0.135,451
2024-02-25T00:00:00.000Z,0,1.23,0.1,0.08,0.2,0.154,346
2024-02-26T00:00:00.000Z,0,0.82,0.1,0.1,0.2,0.122,322
2024-02-27T00:00:00.000Z,0,0.75,0.15,0.1,0.22,0.12,372
2024-02-28T00:00:00.000Z,0,0.75,0.15,0.1,0.22,0.13,590
2024-02-29T00:00:00.000Z,0,0.9,0.2,0.1,0.3,0.134,586
2024-03-01T00:00:00.000Z,0,0.98,0.17,0.1,0.25,0.143,358
2024-03-02T00:00:00.000Z,0,1.67,0.2,0.13,0.35,0.226,228
2024-03-03T00:00:00.000Z,0,1.08,0.13,0.1,0.2,0.131,589
2024-03-04T00:00:00.000Z,0,1.3,0.1,0.1,0.2,0.13,582
2024-03-05T00:00:00.000Z,0,0.95,0.22,0.15,0.35,0.162,573
2024-03-06T00:00:00.000Z,0.05,1.35,0.3,0.2,0.4,0.197,581
2024-03-07T00:00:00.000Z,0,1.85,0.3,0.2,0.4,0.207,561
2024-03-08T00:00:00.000Z,0,1.17,0.1,0.1,0.2,0.141,311
2024-03-09T00:00:00.000Z,0,1,0.15,0.1,0.3,0.157,490
2024-03-10T00:00:00.000Z,0,1.08,0.17,0.1,0.3,0.154,581
2024-03-11T00:00:00.000Z,0,1.42,0.28,0.17,0.4,0.195,552
2024-03-12T00:00:00.000Z,0,1.3,0.3,0.2,0.4,0.173,573
2024-03-13T00:00:00.000Z,0,1.14,0.22,0.15,0.4,0.188,582
2024-03-14T00:00:00.000Z,0.03,1.35,0.4,0.2,0.56,0.244,576
2024-03-15T00:00:00.000Z,0,1.58,0.45,0.32,0.6,0.214,580
2024-03-16T00:00:00.000Z,0.05,2.08,0.47,0.32,0.63,0.242,585
2024-03-17T00:00:00.000Z,0,1.2,0.3,0.2,0.4,0.19,564
2024-03-18T00:00:00.000Z,0.05,1.63,0.43,0.25,0.63,0.295,583
2024-03-19T00:00:00.000Z,0,1.9,0.5,0.32,0.75,0.332,588
2024-03-20T00:00:00.000Z,0.1,1.45,0.43,0.3,0.6,0.243,579
2024-03-21T00:00:00.000Z,0.13,2.1,0.65,0.47,0.85,0.301,587
2024-03-22T00:00:00.000Z,0.13,2.75,0.82,0.56,1.12,0.414,507
2024-03-23T00:00:00.000Z,0.1,2.88,0.72,0.45,1,0.422,538
2024-03-24T00:00:00.000Z,0.1,2.4,0.7,0.45,1,0.403,570
2024-03-25T00:00:00.000Z,0,1.98,0.4,0.27,0.6,0.288,588
2024-03-26T00:00:00.000Z,0,0.73,0.1,0.1,0.13,0.098,587
2024-03-27T00:00:00.000Z,0,0.98,0.15,0.1,0.25,0.147,589
2024-03-28T00:00:00.000Z,0,1.27,0.2,0.1,0.3,0.171,584
2024-03-29T00:00:00.000Z,0,1.38,0.17,0.1,0.3,0.191,370
2024-03-30T00:00:00.000Z,0,1.2,0.1,0.1,0.2,0.118,585
2024-03-31T00:00:00.000Z,0,1.08,0.1,0.1,0.2,0.153,583
2024-04-01T00:00:00.000Z,0,1.12,0.2,0.1,0.28,0.156,528
2024-04-02T00:00:00.000Z,0,1.5,0.2,0.1,0.3,0.187,583
2024-04-03T00:00:00.000Z,0,1.17,0.2,0.1,0.32,0.172,585
2024-04-04T00:00:00.000Z,0,1.7,0.28,0.17,0.47,0.266,587
2024-04-05T00:00:00.000Z,0,1.05,0.2,0.1,0.32,0.161,577
2024-04-06T00:00:00.000Z,0,4.82,1.09,0.28,1.99,0.994,588
2024-04-07T00:00:00.000Z,0,3.58,1.23,0.8,1.65,0.628,590
2024-04-08T00:00:00.000Z,0,1,0.1,0.1,0.22,0.153,583
2024-04-09T00:00:00.000Z,0,1.12,0.17,0.1,0.3,0.152,580
2024-04-10T00:00:00.000Z,0,1.23,0.1,0.1,0.2,0.173,570
2024-04-11T00:00:00.000Z,0,1,0.15,0.1,0.25,0.141,563
2024-04-12T00:00:00.000Z,0,0.88,0.2,0.1,0.3,0.167,565
2024-04-13T00:00:00.000Z,0,1.1,0.2,0.13,0.38,0.174,547
2024-04-14T00:00:00.000Z,0,1.2,0.25,0.2,0.38,0.17,589
2024-04-15T00:00:00.000Z,0.08,1.52,0.4,0.3,0.52,0.207,590
2024-04-16T00:00:00.000Z,0.1,1.92,0.6,0.4,0.85,0.312,575
2024-04-17T00:00:00.000Z,0.1,1.73,0.55,0.38,0.77,0.284,582
2024-04-18T00:00:00.000Z,0.1,1.33,0.45,0.32,0.6,0.218,586
2024-04-19T00:00:00.000Z,0,1.8,0.4,0.25,0.56,0.25,585
2024-04-20T00:00:00.000Z,0,1.08,0.2,0.1,0.32,0.181,565
2024-04-21T00:00:00.000Z,0,1.2,0.2,0.1,0.3,0.164,561
2024-04-22T00:00:00.000Z,0,1.2,0.2,0.1,0.35,0.18,582
2024-04-23T00:00:00.000Z,0,1.23,0.22,0.15,0.34,0.165,580
2024-04-24T00:00:00.000Z,0,1.23,0.25,0.2,0.35,0.171,587
2024-04-25T00:00:00.000Z,0,1.52,0.3,0.2,0.45,0.195,584
2024-04-26T00:00:00.000Z,0,0.9,0.13,0.1,0.22,0.143,576
2024-04-27T00:00:00.000Z,0,0.82,0.1,0.1,0.2,0.127,585
2024-04-28T00:00:00.000Z,0,0.6,0.1,0.1,0.2,0.104,587
2024-04-29T00:00:00.000Z,0,0.85,0.2,0.1,0.28,0.129,588
2024-04-30T00:00:00.000Z,0,1.05,0.1,0.1,0.2,0.132,589
2024-05-01T00:00:00.000Z,0,1.2,0.1,0.1,0.2,0.135,557
2024-05-02T00:00:00.000Z,0,1.23,0.13,0.1,0.2,0.13,589
2024-05-03T00:00:00.000Z,0,0.88,0.2,0.1,0.3,0.136,472
2024-05-04T00:00:00.000Z,0,0.93,0.2,0.15,0.32,0.145,371
2024-05-05T00:00:00.000Z,0,1.08,0.2,0.1,0.38,0.182,476
2024-05-06T00:00:00.000Z,0,0.85,0.17,0.1,0.28,0.134,588
2024-05-07T00:00:00.000Z,0,1.25,0.3,0.2,0.4,0.211,587
2024-05-08T00:00:00.000Z,0,1.08,0.28,0.2,0.4,0.187,580
2024-05-09T00:00:00.000Z,0,0.88,0.2,0.1,0.3,0.153,587
2024-05-10T00:00:00.000Z,0,1.14,0.2,0.1,0.3,0.162,570
2024-05-11T00:00:00.000Z,0,0.9,0.2,0.1,0.3,0.131,554
2024-05-12T00:00:00.000Z,0,1.48,0.28,0.19,0.4,0.184,588
2024-05-13T00:00:00.000Z,0.1,1.58,0.5,0.38,0.65,0.228,586
2024-05-14T00:00:00.000Z,0,1.85,0.17,0.1,0.25,0.159,588
2024-05-15T00:00:00.000Z,0,0.75,0.15,0.1,0.21,0.129,588
2024-05-16T00:00:00.000Z,0,1.05,0.1,0.1,0.2,0.125,579
2024-05-17T00:00:00.000Z,0,0.75,0.1,0.1,0.17,0.115,586
2024-05-18T00:00:00.000Z,0,0.98,0.13,0.1,0.2,0.127,591
2024-05-19T00:00:00.000Z,0,0.7,0.15,0.1,0.22,0.114,590
2024-05-20T00:00:00.000Z,0,1.08,0.1,0.1,0.2,0.127,591
2024-05-21T00:00:00.000Z,0,0.75,0.13,0.1,0.2,0.117,589
2024-05-22T00:00:00.000Z,0,1.05,0.22,0.16,0.34,0.156,589
2024-05-23T00:00:00.000Z,0,1.02,0.22,0.15,0.32,0.153,589
2024-05-24T00:00:00.000Z,0,1.3,0.3,0.2,0.45,0.195,590
2024-05-25T00:00:00.000Z,0,1.67,0.4,0.3,0.6,0.236,591
2024-05-26T00:00:00.000Z,0.1,1.3,0.47,0.32,0.6,0.213,591
2024-05-27T00:00:00.000Z,0.1,1.9,0.6,0.43,0.8,0.268,589
2024-05-28T00:00:00.000Z,0.08,1.83,0.6,0.45,0.82,0.317,586
2024-05-29T00:00:00.000Z,0.15,1.9,0.6,0.43,0.73,0.246,590
2024-05-30T00:00:00.000Z,0.15,1.65,0.6,0.45,0.8,0.256,589
2024-05-31T00:00:00.000Z,0,1.73,0.55,0.4,0.77,0.277,587
2024-06-01T00:00:00.000Z,0.1,1.55,0.4,0.3,0.56,0.238,549
2024-06-02T00:00:00.000Z,0,1.65,0.25,0.13,0.4,0.215,590
2024-06-03T00:00:00.000Z,0,1.12,0.2,0.1,0.3,0.15,590
2024-06-04T00:00:00.000Z,0,1.17,0.17,0.1,0.28,0.152,583
2024-06-05T00:00:00.000Z,0,1.1,0.2,0.1,0.3,0.16,589
2024-06-06T00:00:00.000Z,0,1.65,0.28,0.17,0.4,0.202,585
2024-06-07T00:00:00.000Z,0.1,2.7,0.6,0.4,0.82,0.339,589
2024-06-08T00:00:00.000Z,0,1.4,0.2,0.1,0.3,0.2,589
2024-06-09T00:00:00.000Z,0,0.95,0.2,0.1,0.3,0.159,590
2024-06-10T00:00:00.000Z,0,1.3,0.3,0.2,0.45,0.215,588
2024-06-11T00:00:00.000Z,0.03,1.4,0.38,0.28,0.5,0.19,589
2024-06-12T00:00:00.000Z,0.05,1.4,0.45,0.3,0.6,0.229,587
2024-06-13T00:00:00.000Z,0.08,1.65,0.43,0.3,0.6,0.228,590
2024-06-14T00:00:00.000Z,0,1.08,0.3,0.2,0.45,0.179,584
2024-06-15T00:00:00.000Z,0,1.55,0.32,0.2,0.5,0.242,518
2024-06-16T00:00:00.000Z,0,1.65,0.4,0.22,0.56,0.262,590
2024-06-17T00:00:00.000Z,0.1,1.98,0.52,0.4,0.7,0.275,588
2024-06-18T00:00:00.000Z,0,1.35,0.35,0.17,0.52,0.279,587
2024-06-19T00:00:00.000Z,0,1.02,0.1,0.08,0.2,0.146,585
2024-06-20T00:00:00.000Z,0,0.95,0.1,0.05,0.2,0.122,587
2024-06-21T00:00:00.000Z,0,1.27,0.3,0.2,0.45,0.193,582
2024-06-22T00:00:00.000Z,0,2.85,0.2,0.1,0.35,0.208,582
2024-06-23T00:00:00.000Z,0,1.23,0.2,0.1,0.3,0.166,587
2024-06-24T00:00:00.000Z,0,0.88,0.2,0.13,0.3,0.154,583
2024-06-25T00:00:00.000Z,0,0.82,0.2,0.1,0.3,0.136,590
2024-06-26T00:00:00.000Z,0,1.85,0.3,0.15,0.5,0.256,590
2024-06-27T00:00:00.000Z,0,1.23,0.35,0.22,0.5,0.186,591
2024-06-28T00:00:00.000Z,0,0.93,0.2,0.1,0.3,0.155,580
2024-06-29T00:00:00.000Z,0,1.12,0.28,0.17,0.38,0.163,591
2024-06-30T00:00:00.000Z,0,1.2,0.3,0.2,0.4,0.194,579
2024-07-01T00:00:00.000Z,0,1.23,0.2,0.1,0.32,0.193,490
2024-07-02T00:00:00.000Z,0,1.5,0.4,0.3,0.55,0.205,586
2024-07-03T00:00:00.000Z,0.03,3.08,0.38,0.25,0.52,0.289,589
2024-07-04T00:00:00.000Z,0,1.02,0.3,0.2,0.45,0.168,587
2024-07-05T00:00:00.000Z,0,1.58,0.38,0.2,0.55,0.259,589
2024-07-06T00:00:00.000Z,0,1.65,0.5,0.32,0.65,0.234,588
2024-07-07T00:00:00.000Z,0.05,1.95,0.6,0.4,0.8,0.299,592
2024-07-08T00:00:00.000Z,0.1,1.7,0.52,0.4,0.7,0.227,588
2024-07-09T00:00:00.000Z,0,1.42,0.52,0.4,0.7,0.224,588
2024-07-10T00:00:00.000Z,0.1,1.6,0.55,0.4,0.7,0.226,591
2024-07-11T00:00:00.000Z,0.1,1.7,0.5,0.38,0.69,0.271,589
2024-07-12T00:00:00.000Z,0,1.33,0.3,0.2,0.4,0.202,585
2024-07-13T00:00:00.000Z,0,1.6,0.6,0.43,0.77,0.269,591
2024-07-14T00:00:00.000Z,0.03,2.25,0.65,0.4,0.98,0.426,587
2024-07-15T00:00:00.000Z,0,1.35,0.2,0.13,0.3,0.165,588
2024-07-16T00:00:00.000Z,0,2.1,0.3,0.2,0.5,0.308,591
2024-07-17T00:00:00.000Z,0.05,1.65,0.6,0.4,0.8,0.286,587
2024-07-18T00:00:00.000Z,0.15,1.7,0.6,0.45,0.77,0.249,589
2024-07-19T00:00:00.000Z,0.1,1.65,0.5,0.38,0.65,0.215,581
2024-07-20T00:00:00.000Z,0,1.85,0.45,0.3,0.65,0.282,588
2024-07-21T00:00:00.000Z,0,1.08,0.28,0.2,0.4,0.163,589
2024-07-22T00:00:00.000Z,0.13,2.04,0.7,0.52,0.93,0.299,586
2024-07-23T00:00:00.000Z,0,1.75,0.35,0.22,0.52,0.23,586
2024-07-24T00:00:00.000Z,0,1.52,0.3,0.2,0.43,0.221,588
2024-07-25T00:00:00.000Z,0,1.3,0.3,0.2,0.47,0.223,588
2024-07-26T00:00:00.000Z,0.1,1.5,0.52,0.4,0.7,0.226,591
2024-07-27T00:00:00.000Z,0.1,2.04,0.63,0.5,0.8,0.26,591
2024-07-28T00:00:00.000Z,0.13,2.02,0.7,0.52,0.93,0.288,590
2024-07-29T00:00:00.000Z,0.25,2.45,0.9,0.7,1.1,0.328,589
2024-07-30T00:00:00.000Z,0.2,1.95,0.8,0.65,1.02,0.298,569
2024-07-31T00:00:00.000Z,0.2,1.83,0.73,0.55,0.9,0.277,559
2024-08-01T00:00:00.000Z,0.2,1.85,0.7,0.52,0.93,0.299,564
2024-08-02T00:00:00.000Z,0,1.14,0.3,0.2,0.42,0.18,576
2024-08-03T00:00:00.000Z,0.03,2.52,0.93,0.65,1.25,0.426,576
2024-08-04T00:00:00.000Z,0.35,2.45,0.95,0.75,1.17,0.309,553
2024-08-05T00:00:00.000Z,0.25,2.33,0.93,0.7,1.2,0.401,549
2024-08-06T00:00:00.000Z,0.15,1.55,0.75,0.56,0.94,0.262,556
2024-08-07T00:00:00.000Z,0.2,1.73,0.7,0.52,0.85,0.259,554
2024-08-08T00:00:00.000Z,0.15,1.85,0.82,0.63,1.05,0.318,562
2024-08-09T00:00:00.000Z,0.2,2.33,0.88,0.7,1.1,0.307,551
2024-08-10T00:00:00.000Z,0.2,1.8,0.75,0.6,0.9,0.235,547
2024-08-11T00:00:00.000Z,0.1,1.95,0.52,0.4,0.7,0.226,574
2024-08-12T00:00:00.000Z,0.1,2.67,0.77,0.55,1.02,0.376,549
2024-08-13T00:00:00.000Z,0,1.7,0.38,0.2,0.7,0.359,548
2024-08-14T00:00:00.000Z,0,1.27,0.3,0.17,0.43,0.228,526
2024-08-15T00:00:00.000Z,0,1.65,0.5,0.4,0.7,0.235,494
2024-08-16T00:00:00.000Z,0,1.2,0.3,0.2,0.4,0.185,448
2024-08-17T00:00:00.000Z,0,1.33,0.3,0.22,0.4,0.156,543
2024-08-18T00:00:00.000Z,0,1.14,0.4,0.28,0.52,0.202,546
2024-08-19T00:00:00.000Z,0,0.95,0.3,0.2,0.46,0.175,556
2024-08-20T00:00:00.000Z,0.03,1.3,0.43,0.3,0.56,0.201,539
2024-08-21T00:00:00.000Z,0.2,3.72,1.12,0.6,1.88,0.804,547
2024-08-22T00:00:00.000Z,0.2,3.53,1.42,0.95,1.85,0.568,540
2024-08-23T00:00:00.000Z,0.2,2.29,0.88,0.68,1.17,0.355,557
2024-08-24T00:00:00.000Z,0.3,4.88,1.59,0.93,2.35,0.866,558
2024-08-25T00:00:00.000Z,1,4.88,2.1,1.77,2.52,0.602,546
2024-08-26T00:00:00.000Z,0.3,3.03,1.12,0.9,1.42,0.382,547
2024-08-27T00:00:00.000Z,0.3,1.92,0.8,0.63,1,0.279,544
2024-08-28T00:00:00.000Z,0.1,2.29,0.68,0.5,0.88,0.305,545
2024-08-29T00:00:00.000Z,0.1,1.8,0.63,0.47,0.8,0.278,545
2024-08-30T00:00:00.000Z,0.1,1.65,0.65,0.5,0.88,0.276,553
2024-08-31T00:00:00.000Z,0.3,2.13,0.75,0.56,0.9,0.27,548
2024-09-01T00:00:00.000Z,0.22,2.58,0.98,0.75,1.25,0.369,550
2024-09-02T00:00:00.000Z,0.1,2.47,0.85,0.65,1.05,0.308,557
2024-09-03T00:00:00.000Z,0,1.63,0.6,0.42,0.77,0.266,553
2024-09-04T00:00:00.000Z,0,1.85,0.4,0.3,0.56,0.235,543
2024-09-05T00:00:00.000Z,0,1.38,0.43,0.3,0.56,0.227,535
2024-09-06T00:00:00.000Z,0,1.35,0.47,0.3,0.6,0.217,546
2024-09-07T00:00:00.000Z,0,1.42,0.35,0.22,0.5,0.219,489
2024-09-08T00:00:00.000Z,0,1.58,0.35,0.2,0.54,0.264,549
2024-09-09T00:00:00.000Z,0,0.95,0.13,0.1,0.22,0.133,559
2024-09-10T00:00:00.000Z,0,1.42,0.35,0.2,0.5,0.222,536
2024-09-11T00:00:00.000Z,0.15,1.67,0.6,0.45,0.82,0.277,551
2024-09-12T00:00:00.000Z,0.1,1.83,0.68,0.5,0.88,0.273,553
2024-09-13T00:00:00.000Z,0,2.2,0.56,0.38,0.88,0.374,528
2024-09-14T00:00:00.000Z,0,2.25,0.3,0.2,0.47,0.235,577
2024-09-15T00:00:00.000Z,0,1.58,0.2,0.1,0.3,0.165,552
2024-09-16T00:00:00.000Z,0,1.58,0.13,0.1,0.25,0.158,571
2024-09-17T00:00:00.000Z,0,1.05,0.2,0.1,0.3,0.166,555
2024-09-18T00:00:00.000Z,0,1.58,0.3,0.17,0.4,0.181,556
2024-09-19T00:00:00.000Z,0,1.12,0.2,0.1,0.32,0.185,554
2024-09-20T00:00:00.000Z,0,1.25,0.28,0.15,0.4,0.214,548
2024-09-21T00:00:00.000Z,0,1.58,0.32,0.2,0.5,0.218,569
2024-09-22T00:00:00.000Z,0.08,2.9,0.6,0.4,1.38,0.661,562
2024-09-23T00:00:00.000Z,1.7,5.47,3.58,3.08,3.95,0.666,552
2024-09-24T00:00:00.000Z,0.3,3.6,1.14,0.85,1.65,0.604,552
2024-09-25T00:00:00.000Z,0,1.42,0.4,0.2,0.56,0.234,552
2024-09-26T00:00:00.000Z,0,0.93,0.17,0.1,0.3,0.159,561
2024-09-27T00:00:00.000Z,0,0.93,0.2,0.1,0.3,0.16,418
2024-09-28T00:00:00.000Z,0,1.23,0.3,0.17,0.43,0.222,398
2024-09-29T00:00:00.000Z,0,1.02,0.22,0.13,0.35,0.174,564
2024-09-30T00:00:00.000Z,0,1.55,0.22,0.13,0.4,0.222,570
2024-10-01T00:00:00.000Z,0,1.73,0.3,0.2,0.47,0.219,566
2024-10-02T00:00:00.000Z,0,0.95,0.2,0.1,0.38,0.177,558
2024-10-03T00:00:00.000Z,0,0.95,0.1,0.1,0.2,0.138,558
2024-10-04T00:00:00.000Z,0,0.88,0.15,0.1,0.22,0.128,570
2024-10-05T00:00:00.000Z,0,1.75,0.28,0.15,0.43,0.231,570
2024-10-06T00:00:00.000Z,0,1.25,0.3,0.2,0.5,0.223,562
2024-10-07T00:00:00.000Z,0.03,2.45,0.7,0.5,0.95,0.345,437
2024-10-08T00:00:00.000Z,0,0.77,0.2,0.1,0.3,0.15,266
2024-10-09T00:00:00.000Z,0,0.65,0.1,0.1,0.2,0.122,371
2024-10-10T00:00:00.000Z,0,1.1,0.1,0.1,0.2,0.134,565
2024-10-11T00:00:00.000Z,0,1.27,0.22,0.15,0.38,0.173,565
2024-10-12T00:00:00.000Z,0,1.17,0.22,0.15,0.32,0.164,582
2024-10-13T00:00:00.000Z,0,1.05,0.28,0.17,0.4,0.189,565
2024-10-14T00:00:00.000Z,0,1.6,0.32,0.2,0.5,0.251,566
2024-10-15T00:00:00.000Z,0,1.42,0.4,0.25,0.6,0.255,543
2024-10-16T00:00:00.000Z,0,1.02,0.3,0.2,0.4,0.178,579
2024-10-17T00:00:00.000Z,0,1.02,0.1,0.05,0.15,0.121,551
2024-10-18T00:00:00.000Z,0,1.3,0.1,0.1,0.2,0.14,563
2024-10-19T00:00:00.000Z,0,1.14,0.2,0.1,0.3,0.168,561
2024-10-20T00:00:00.000Z,0,1.35,0.3,0.2,0.45,0.197,567
2024-10-21T00:00:00.000Z,0,1.02,0.27,0.2,0.4,0.171,570
2024-10-22T00:00:00.000Z,0,0.95,0.22,0.15,0.35,0.161,557
2024-10-23T00:00:00.000Z,0,1.23,0.28,0.17,0.4,0.184,582
2024-10-24T00:00:00.000Z,0,1.05,0.22,0.13,0.35,0.161,561
2024-10-25T00:00:00.000Z,0,1.58,0.3,0.2,0.47,0.242,513
2024-10-26T00:00:00.000Z,0,0.9,0.1,0.1,0.2,0.112,558
2024-10-27T00:00:00.000Z,0,1.14,0.1,0.1,0.13,0.119,551
2024-10-28T00:00:00.000Z,0,0.85,0.13,0.1,0.2,0.123,541
2024-10-29T00:00:00.000Z,0,1.58,0.2,0.1,0.35,0.218,569
2024-10-30T00:00:00.000Z,0,1.48,0.3,0.2,0.43,0.22,553
2024-10-31T00:00:00.000Z,0,1.3,0.32,0.2,0.52,0.267,562
2024-11-01T00:00:00.000Z,0,2.04,0.5,0.3,0.8,0.352,535
2024-11-02T00:00:00.000Z,0,1.88,0.4,0.25,0.55,0.261,536
2024-11-03T00:00:00.000Z,0,1.1,0.3,0.2,0.43,0.202,517
2024-11-04T00:00:00.000Z,0,1.42,0.32,0.2,0.5,0.225,446
2024-11-05T00:00:00.000Z,0,1.77,0.5,0.32,0.7,0.278,403
2024-11-06T00:00:00.000Z,0.1,2.02,0.65,0.47,0.84,0.311,385
2024-11-07T00:00:00.000Z,0.2,1.88,0.7,0.52,0.9,0.294,498
2024-11-08T00:00:00.000Z,0.1,1.75,0.65,0.52,0.84,0.27,416
2024-11-09T00:00:00.000Z,0.1,1.95,0.63,0.47,0.82,0.281,378
2024-11-10T00:00:00.000Z,0.1,2,0.68,0.5,0.82,0.27,348
2024-11-11T00:00:00.000Z,0.1,1.67,0.63,0.47,0.88,0.292,415
2024-11-12T00:00:00.000Z,0,1.1,0.3,0.2,0.43,0.206,285
2024-11-13T00:00:00.000Z,0,1.45,0.3,0.2,0.43,0.228,361
2024-11-14T00:00:00.000Z,0,1.95,0.51,0.3,0.77,0.369,324
2024-11-15T00:00:00.000Z,0,2.02,0.65,0.43,0.95,0.368,523
2024-11-16T00:00:00.000Z,0.08,2,0.47,0.32,0.7,0.288,534
2024-11-17T00:00:00.000Z,0,1.73,0.43,0.3,0.6,0.251,541
2024-11-18T00:00:00.000Z,0.1,1.42,0.5,0.35,0.68,0.252,496
2024-11-19T00:00:00.000Z,0.08,1.88,0.4,0.22,0.55,0.247,445
2024-11-20T00:00:00.000Z,0,0.98,0.22,0.2,0.4,0.179,425
2024-11-21T00:00:00.000Z,0,0.85,0.17,0.1,0.25,0.119,395
2024-11-22T00:00:00.000Z,0,0.9,0.1,0.1,0.2,0.145,430
2024-11-23T00:00:00.000Z,0,1.35,0.2,0.14,0.32,0.201,332
2024-11-24T00:00:00.000Z,0,1,0.2,0.1,0.32,0.157,423
2024-11-25T00:00:00.000Z,0,2.02,0.45,0.3,0.68,0.317,429
2024-11-26T00:00:00.000Z,0,1.55,0.2,0.1,0.38,0.206,586
2024-11-27T00:00:00.000Z,0,1.42,0.37,0.25,0.5,0.234,586
2024-11-28T00:00:00.000Z,0.03,1.3,0.4,0.28,0.52,0.215,592
2024-11-29T00:00:00.000Z,0.03,2.04,0.56,0.4,0.77,0.29,593
2024-11-30T00:00:00.000Z,0.03,2.22,0.65,0.4,0.93,0.378,591
2024-12-01T00:00:00.000Z,0.1,2.1,0.6,0.45,0.82,0.314,492
2024-12-02T00:00:00.000Z,0.17,2.25,0.8,0.6,1.05,0.328,592
2024-12-03T00:00:00.000Z,0.1,2.13,0.7,0.5,0.95,0.329,589
2024-12-04T00:00:00.000Z,0,1.67,0.3,0.2,0.47,0.239,589
2024-12-05T00:00:00.000Z,0,1.23,0.3,0.2,0.4,0.167,590
2024-12-06T00:00:00.000Z,0.08,1.02,0.3,0.2,0.43,0.178,587
2024-12-07T00:00:00.000Z,0,1.3,0.3,0.2,0.4,0.168,590
2024-12-08T00:00:00.000Z,0,1,0.2,0.1,0.32,0.168,588
2024-12-09T00:00:00.000Z,0,1.05,0.1,0.1,0.2,0.133,583
2024-12-10T00:00:00.000Z,0,1.12,0.2,0.1,0.3,0.18,546
2024-12-11T00:00:00.000Z,0,1.23,0.22,0.12,0.38,0.197,572
2024-12-12T00:00:00.000Z,0.1,1.14,0.3,0.2,0.4,0.199,580
2024-12-13T00:00:00.000Z,0.1,1.5,0.3,0.2,0.4,0.179,533
2024-12-14T00:00:00.000Z,0,1.4,0.25,0.16,0.4,0.236,517
2024-12-15T00:00:00.000Z,0,1.23,0.3,0.2,0.4,0.185,588
2024-12-16T00:00:00.000Z,0,0.8,0.2,0.1,0.3,0.149,500
2024-12-17T00:00:00.000Z,0,1.12,0.2,0.1,0.38,0.211,510
2024-12-18T00:00:00.000Z,0.08,1.55,0.4,0.25,0.6,0.268,524
2024-12-19T00:00:00.000Z,0,2.43,0.4,0.22,0.82,0.455,244
2024-12-20T00:00:00.000Z,0,1.08,0.3,0.2,0.45,0.184,439
2024-12-21T00:00:00.000Z,0,1.23,0.2,0.1,0.3,0.16,525
2024-12-22T00:00:00.000Z,0,1.02,0.2,0.1,0.32,0.17,591
2024-12-23T00:00:00.000Z,0,1.38,0.28,0.17,0.4,0.191,572
2024-12-24T00:00:00.000Z,0,0.9,0.2,0.1,0.3,0.179,543
2024-12-25T00:00:00.000Z,0,1.45,0.22,0.1,0.45,0.246,590
2024-12-26T00:00:00.000Z,0,1.17,0.2,0.1,0.38,0.196,590
2024-12-27T00:00:00.000Z,0,1.5,0.22,0.15,0.4,0.208,591
2024-12-28T00:00:00.000Z,0.08,1.17,0.2,0.1,0.3,0.167,589
2024-12-29T00:00:00.000Z,0,1.1,0.2,0.15,0.32,0.155,488
2024-12-30T00:00:00.000Z,0,1.2,0.25,0.17,0.4,0.2,265
2024-12-31T00:00:00.000Z,0,0.85,0.2,0.13,0.3,0.142,404
2025-01-01T00:00:00.000Z,0,1.25,0.2,0.15,0.35,0.18,562
2025-01-02T00:00:00.000Z,0,1.63,0.22,0.2,0.35,0.186,590
2025-01-03T00:00:00.000Z,0,1.23,0.3,0.2,0.4,0.19,584
2025-01-04T00:00:00.000Z,0,1.67,0.35,0.2,0.5,0.238,591
2025-01-05T00:00:00.000Z,0.1,1.42,0.4,0.3,0.55,0.226,514
2025-01-06T00:00:00.000Z,0,1.25,0.2,0.1,0.32,0.189,589
2025-01-07T00:00:00.000Z,0,1.2,0.2,0.1,0.3,0.163,590
2025-01-08T00:00:00.000Z,0,1.38,0.25,0.17,0.43,0.216,590
2025-01-09T00:00:00.000Z,0,1.3,0.2,0.1,0.35,0.185,590
2025-01-10T00:00:00.000Z,0,1.65,0.3,0.2,0.4,0.195,587
2025-01-11T00:00:00.000Z,0,0.75,0.17,0.1,0.25,0.127,589
2025-01-12T00:00:00.000Z,0,1.25,0.2,0.1,0.3,0.134,587
2025-01-13T00:00:00.000Z,0,1.17,0.22,0.1,0.4,0.203,537
2025-01-14T00:00:00.000Z,0,1.12,0.2,0.1,0.32,0.173,405
2025-01-15T00:00:00.000Z,0,1.38,0.2,0.1,0.32,0.183,588
2025-01-16T00:00:00.000Z,0,1.33,0.3,0.2,0.43,0.21,588
2025-01-17T00:00:00.000Z,0,1.23,0.25,0.17,0.4,0.181,587
2025-01-18T00:00:00.000Z,0,0.88,0.2,0.1,0.3,0.154,535
2025-01-19T00:00:00.000Z,0,1.3,0.3,0.2,0.4,0.192,586
2025-01-20T00:00:00.000Z,0.1,1.5,0.45,0.32,0.65,0.245,552
2025-01-21T00:00:00.000Z,0.1,1.8,0.56,0.4,0.77,0.283,586
2025-01-22T00:00:00.000Z,0.08,1.65,0.35,0.2,0.55,0.266,586
2025-01-23T00:00:00.000Z,0,1.77,0.28,0.2,0.43,0.194,587
2025-01-24T00:00:00.000Z,0,1.33,0.3,0.2,0.44,0.203,584
2025-01-25T00:00:00.000Z,0,1.27,0.3,0.17,0.4,0.215,541
2025-01-26T00:00:00.000Z,0,1.14,0.2,0.1,0.3,0.197,196
2025-01-27T00:00:00.000Z,0,1.3,0.4,0.2,0.56,0.247,487
2025-01-28T00:00:00.000Z,0,1.48,0.2,0.1,0.3,0.189,592
2025-01-29T00:00:00.000Z,0,1.65,0.25,0.12,0.4,0.24,592
2025-01-30T00:00:00.000Z,0,0.97,0.13,0.1,0.2,0.12,424
2025-01-31T00:00:00.000Z,0,1.25,0.17,0.1,0.28,0.138,438
2025-02-01T00:00:00.000Z,0,0.8,0.2,0.1,0.3,0.128,283
2025-02-02T00:00:00.000Z,0.05,1.17,0.32,0.22,0.47,0.177,484
2025-02-03T00:00:00.000Z,0,1.27,0.22,0.17,0.35,0.184,584
2025-02-04T00:00:00.000Z,0,1.14,0.2,0.1,0.3,0.134,580
2025-02-05T00:00:00.000Z,0.08,1.23,0.3,0.2,0.4,0.167,583
2025-02-06T00:00:00.000Z,0,1.14,0.2,0.17,0.4,0.185,585
2025-02-07T00:00:00.000Z,0.05,1.42,0.35,0.2,0.56,0.253,539
2025-02-08T00:00:00.000Z,0,1.42,0.2,0.1,0.42,0.269,456
2025-02-09T00:00:00.000Z,0.03,1.23,0.32,0.2,0.52,0.24,570
2025-02-10T00:00:00.000Z,0.08,1.85,0.4,0.25,0.63,0.269,575
2025-02-11T00:00:00.000Z,0.1,1.83,0.3,0.2,0.45,0.25,293
2025-02-12T00:00:00.000Z,0,0.9,0.2,0.1,0.3,0.158,515
2025-02-13T00:00:00.000Z,0,1.42,0.2,0.1,0.3,0.157,494
2025-02-14T00:00:00.000Z,0,0.88,0.2,0.1,0.3,0.16,302
2025-02-15T00:00:00.000Z,0,1.35,0.3,0.2,0.45,0.222,401
2025-02-16T00:00:00.000Z,0,1.33,0.35,0.22,0.5,0.199,337
2025-02-17T00:00:00.000Z,0.1,1.1,0.38,0.24,0.5,0.208,365
2025-02-18T00:00:00.000Z,0.1,1.67,0.45,0.3,0.63,0.289,302
2025-02-19T00:00:00.000Z,0.1,2,0.45,0.3,0.65,0.253,557
2025-02-20T00:00:00.000Z,0.1,2.42,0.6,0.4,0.9,0.377,558
2025-02-21T00:00:00.000Z,0.2,2.29,0.75,0.55,0.98,0.355,539
2025-02-22T00:00:00.000Z,0,2.4,0.5,0.2,0.9,0.439,520
2025-02-23T00:00:00.000Z,0,1.08,0.22,0.13,0.32,0.157,551
2025-02-24T00:00:00.000Z,0,1.08,0.2,0.1,0.33,0.163,573
2025-02-25T00:00:00.000Z,0,0.98,0.2,0.1,0.38,0.179,571
2025-02-26T00:00:00.000Z,0,1.12,0.2,0.1,0.3,0.152,580
2025-02-27T00:00:00.000Z,0,0.82,0.2,0.1,0.3,0.149,409
2025-02-28T00:00:00.000Z,0.03,1.1,0.22,0.15,0.39,0.185,101
2025-03-01T00:00:00.000Z,0,1.45,0.22,0.2,0.32,0.161,381
2025-03-02T00:00:00.000Z,0,1.85,0.2,0.1,0.32,0.254,569
2025-03-03T00:00:00.000Z,0,1.98,0.47,0.3,0.7,0.315,574
2025-03-04T00:00:00.000Z,0,1.7,0.5,0.38,0.75,0.308,563
2025-03-05T00:00:00.000Z,0.1,2.38,0.55,0.38,0.75,0.34,574
2025-03-06T00:00:00.000Z,0,1.38,0.28,0.13,0.45,0.271,147
2025-03-07T00:00:00.000Z,0.1,2.08,0.5,0.3,0.73,0.326,427
2025-03-08T00:00:00.000Z,0,3.08,0.56,0.1,1.02,0.58,510
2025-03-09T00:00:00.000Z,0,0.82,0.1,0.1,0.2,0.107,566
2025-03-10T00:00:00.000Z,0,1.12,0.1,0.1,0.22,0.161,561
2025-03-11T00:00:00.000Z,0,1.3,0.15,0.1,0.3,0.168,577
2025-03-12T00:00:00.000Z,0,0.95,0.17,0.1,0.28,0.147,584
2025-03-13T00:00:00.000Z,0,0.9,0.15,0.1,0.28,0.148,361
2025-03-14T00:00:00.000Z,0,1.23,0.1,0.1,0.2,0.13,222
2025-03-15T00:00:00.000Z,0.1,0.4,0.2,0.15,0.35,0.099,7
2025-03-18T00:00:00.000Z,0,0.98,0.2,0.13,0.35,0.189,67
2025-03-19T00:00:00.000Z,0,1.08,0.28,0.17,0.4,0.173,590
2025-03-20T00:00:00.000Z,0,2.17,0.35,0.2,0.6,0.294,568
2025-03-21T00:00:00.000Z,0,1.08,0.1,0.1,0.25,0.161,592
2025-03-22T00:00:00.000Z,0,1.17,0.17,0.1,0.28,0.169,592
2025-03-23T00:00:00.000Z,0,0.95,0.1,0.1,0.17,0.117,592
2025-03-24T00:00:00.000Z,0,1.17,0.13,0.1,0.2,0.135,590
2025-03-25T00:00:00.000Z,0,1.12,0.2,0.1,0.3,0.157,589
2025-03-26T00:00:00.000Z,0,0.95,0.2,0.1,0.28,0.135,585
2025-03-27T00:00:00.000Z,0,0.82,0.1,0.1,0.2,0.101,224
2025-03-28T00:00:00.000Z,0,2.02,0.2,0.13,0.32,0.191,442
2025-03-29T00:00:00.000Z,0,1.02,0.22,0.17,0.35,0.153,568
2025-03-30T00:00:00.000Z,0,1.05,0.2,0.1,0.35,0.173,331
2025-03-31T00:00:00.000Z,0,1.3,0.14,0.1,0.25,0.15,524
2025-04-01T00:00:00.000Z,0,4.13,0.27,0.1,0.45,0.375,202
2025-04-02T00:00:00.000Z,0,1.2,0.3,0.2,0.43,0.205,179
2025-04-03T00:00:00.000Z,0,1.38,0.32,0.2,0.47,0.211,578
2025-04-04T00:00:00.000Z,0,2.54,0.45,0.28,0.77,0.433,589
2025-04-05T00:00:00.000Z,0,0.98,0.1,0.1,0.25,0.159,548
2025-04-06T00:00:00.000Z,0,0.8,0.2,0.1,0.3,0.149,337
2025-04-07T00:00:00.000Z,0,0.98,0.3,0.2,0.4,0.164,331
2025-04-08T00:00:00.000Z,0,1.48,0.3,0.2,0.43,0.193,578
2025-04-09T00:00:00.000Z,0,1.5,0.35,0.2,0.52,0.24,554
2025-04-10T00:00:00.000Z,0,1.5,0.47,0.3,0.65,0.249,584
2025-04-11T00:00:00.000Z,0,1.98,0.6,0.45,0.85,0.307,586
2025-04-12T00:00:00.000Z,0.1,2,0.6,0.43,0.82,0.294,588
2025-04-13T00:00:00.000Z,0,1.23,0.3,0.2,0.45,0.199,563
2025-04-14T00:00:00.000Z,0,1.1,0.22,0.1,0.4,0.186,589
2025-04-15T00:00:00.000Z,0,0.77,0.1,0,0.15,0.125,570
2025-04-16T00:00:00.000Z,0,1,0.1,0.05,0.2,0.127,582
2025-04-17T00:00:00.000Z,0,1.02,0.1,0.03,0.2,0.119,592
2025-04-18T00:00:00.000Z,0,0.95,0.2,0.13,0.32,0.148,592
2025-04-19T00:00:00.000Z,0,0.85,0.1,0.1,0.2,0.13,507
2025-04-20T00:00:00.000Z,0,3.78,0.1,0.1,0.2,0.206,591
2025-04-21T00:00:00.000Z,0,0.88,0.13,0.1,0.22,0.137,590
2025-04-22T00:00:00.000Z,0,1.35,0.22,0.15,0.38,0.181,593
2025-04-23T00:00:00.000Z,0,1.67,0.3,0.2,0.5,0.229,592
2025-04-24T00:00:00.000Z,0,1.35,0.2,0.1,0.3,0.184,588
2025-04-25T00:00:00.000Z,0,2.04,0.2,0.1,0.35,0.233,592
2025-04-26T00:00:00.000Z,0,1.75,0.38,0.25,0.5,0.198,592
2025-04-27T00:00:00.000Z,0,1.77,0.4,0.22,0.6,0.28,589
2025-04-28T00:00:00.000Z,0,1.05,0.25,0.13,0.4,0.211,375
2025-04-29T00:00:00.000Z,0,1.75,0.35,0.2,0.52,0.227,591
2025-04-30T00:00:00.000Z,0,1.7,0.38,0.2,0.56,0.268,590
2025-05-01T00:00:00.000Z,0,1.9,0.47,0.3,0.75,0.331,591
2025-05-02T00:00:00.000Z,0,3.22,0.45,0.2,0.85,0.471,541
2025-05-03T00:00:00.000Z,0,0.75,0.17,0.1,0.28,0.146,492
2025-05-04T00:00:00.000Z,0,0.75,0.17,0.1,0.28,0.152,513
2025-05-05T00:00:00.000Z,0,1.02,0.2,0.1,0.32,0.172,591
2025-05-06T00:00:00.000Z,0,0.82,0.2,0.1,0.3,0.137,590
2025-05-07T00:00:00.000Z,0.1,1.8,0.52,0.38,0.73,0.291,591
2025-05-08T00:00:00.000Z,0,1.14,0.3,0.15,0.43,0.199,582
2025-05-09T00:00:00.000Z,0,1.27,0.2,0.13,0.32,0.172,591
2025-05-10T00:00:00.000Z,0,1.25,0.2,0.13,0.32,0.162,591
2025-05-11T00:00:00.000Z,0,1.02,0.2,0.1,0.3,0.152,591
2025-05-12T00:00:00.000Z,0,0.95,0.28,0.2,0.35,0.156,588
2025-05-13T00:00:00.000Z,0,1.55,0.35,0.22,0.5,0.212,591
2025-05-14T00:00:00.000Z,0,1.25,0.2,0.15,0.35,0.168,592
2025-05-15T00:00:00.000Z,0,0.88,0.2,0.1,0.3,0.134,593
2025-05-16T00:00:00.000Z,0.05,1,0.35,0.25,0.47,0.178,588
2025-05-17T00:00:00.000Z,0,0.98,0.3,0.2,0.4,0.162,592
2025-05-18T00:00:00.000Z,0,1.52,0.2,0.15,0.35,0.16,591
2025-05-19T00:00:00.000Z,0,1.17,0.2,0.1,0.32,0.156,591
2025-05-20T00:00:00.000Z,0,1.12,0.3,0.2,0.4,0.188,591
2025-05-21T00:00:00.000Z,0,0.9,0.2,0.1,0.3,0.159,591
2025-05-22T00:00:00.000Z,0,1.05,0.28,0.17,0.38,0.17,591
2025-05-23T00:00:00.000Z,0,1.3,0.3,0.2,0.4,0.183,591
2025-05-24T00:00:00.000Z,0,1.6,0.2,0.13,0.32,0.174,588
2025-05-25T00:00:00.000Z,0,1,0.2,0.1,0.3,0.153,589
2025-05-26T00:00:00.000Z,0,1.1,0.2,0.1,0.3,0.16,589
2025-05-27T00:00:00.000Z,0,1.9,0.22,0.2,0.32,0.182,592
2025-05-28T00:00:00.000Z,0,1.52,0.28,0.2,0.4,0.21,592
2025-05-29T00:00:00.000Z,0,1.48,0.3,0.2,0.43,0.181,592
2025-05-30T00:00:00.000Z,0,1.27,0.38,0.25,0.5,0.19,592
2025-05-31T00:00:00.000Z,0,1.27,0.3,0.2,0.4,0.176,592
2025-06-01T00:00:00.000Z,0,0.98,0.25,0.2,0.35,0.151,590
2025-06-02T00:00:00.000Z,0,1.9,0.35,0.2,0.6,0.305,587
2025-06-03T00:00:00.000Z,0.1,3.45,0.98,0.65,1.67,0.71,591
2025-06-04T00:00:00.000Z,0.1,2.2,0.7,0.5,0.93,0.323,587
2025-06-05T00:00:00.000Z,0.1,1.55,0.65,0.5,0.81,0.247,589
2025-06-06T00:00:00.000Z,0.13,1.8,0.7,0.52,0.9,0.26,590
2025-06-07T00:00:00.000Z,0.2,2.33,0.7,0.55,0.93,0.286,590
2025-06-08T00:00:00.000Z,0.2,1.85,0.73,0.55,0.9,0.264,588
2025-06-09T00:00:00.000Z,0.2,2.08,0.98,0.75,1.17,0.321,591
2025-06-10T00:00:00.000Z,0.22,2.4,0.93,0.73,1.12,0.338,591
2025-06-11T00:00:00.000Z,0.1,2.78,1.1,0.84,1.38,0.396,584
2025-06-12T00:00:00.000Z,0.47,3.47,1.7,1.33,2.15,0.566,522
2025-06-13T00:00:00.000Z,0.38,3.13,1.38,1.12,1.65,0.402,590
2025-06-14T00:00:00.000Z,0.45,3.4,1.63,1.29,1.94,0.478,592
2025-06-15T00:00:00.000Z,0.8,3.3,1.7,1.44,1.98,0.421,373
2025-06-16T00:00:00.000Z,0.5,3.25,1.65,1.38,1.98,0.441,449
2025-06-17T00:00:00.000Z,0.4,3.05,1.48,1.23,1.73,0.401,592
2025-06-18T00:00:00.000Z,0.47,2.72,1.38,1.14,1.65,0.379,592
2025-06-19T00:00:00.000Z,0.35,3.1,1.17,0.9,1.5,0.461,594
2025-06-20T00:00:00.000Z,0.2,1.95,0.82,0.65,1,0.268,587
2025-06-21T00:00:00.000Z,0.17,2,0.7,0.55,0.85,0.252,584
2025-06-22T00:00:00.000Z,0.1,2.13,0.77,0.56,0.98,0.301,593
2025-06-23T00:00:00.000Z,0.1,2.17,0.73,0.55,0.9,0.285,589
2025-06-24T00:00:00.000Z,0.13,1.77,0.7,0.52,0.9,0.269,593
2025-06-25T00:00:00.000Z,0.1,1.75,0.52,0.4,0.7,0.256,593
2025-06-26T00:00:00.000Z,0.1,1.98,0.56,0.4,0.74,0.255,593
2025-06-27T00:00:00.000Z,0.1,3.35,0.88,0.55,1.23,0.484,590
2025-06-28T00:00:00.000Z,0.2,1.98,0.8,0.63,0.98,0.285,592
2025-06-29T00:00:00.000Z,0.1,1.4,0.52,0.38,0.7,0.255,591
2025-06-30T00:00:00.000Z,0.1,1.6,0.45,0.32,0.56,0.213,422
2025-07-01T00:00:00.000Z,0.05,1.05,0.4,0.3,0.5,0.18,588
2025-07-02T00:00:00.000Z,0.1,1.52,0.5,0.38,0.7,0.219,591
2025-07-03T00:00:00.000Z,0.1,1.7,0.5,0.4,0.68,0.222,591
2025-07-04T00:00:00.000Z,0.08,1.4,0.5,0.4,0.63,0.211,592
2025-07-05T00:00:00.000Z,0.1,1.55,0.5,0.4,0.65,0.197,592
2025-07-06T00:00:00.000Z,0.1,1.35,0.6,0.45,0.77,0.235,541
2025-07-07T00:00:00.000Z,0.2,1.98,0.8,0.63,1,0.271,592
2025-07-08T00:00:00.000Z,0.2,1.95,0.8,0.6,1.02,0.309,592
2025-07-09T00:00:00.000Z,0.1,2.04,0.56,0.43,0.75,0.243,593
2025-07-10T00:00:00.000Z,0.1,1.67,0.63,0.47,0.8,0.266,589
2025-07-11T00:00:00.000Z,0.08,1.67,0.4,0.3,0.6,0.245,568
2025-07-12T00:00:00.000Z,0,1,0.2,0.1,0.3,0.14,592
2025-07-13T00:00:00.000Z,0,1.23,0.3,0.2,0.4,0.171,592
2025-07-14T00:00:00.000Z,0,1.67,0.45,0.3,0.6,0.228,593
2025-07-15T00:00:00.000Z,0.1,1.8,0.52,0.4,0.7,0.246,593
2025-07-16T00:00:00.000Z,0.1,1.58,0.5,0.35,0.65,0.25,592
2025-07-17T00:00:00.000Z,0.08,1.65,0.52,0.4,0.73,0.267,593
2025-07-18T00:00:00.000Z,0,2.02,0.56,0.3,0.88,0.382,594
2025-07-19T00:00:00.000Z,0,1.5,0.2,0.13,0.35,0.176,591
2025-07-20T00:00:00.000Z,0.05,1.63,0.4,0.3,0.56,0.207,587
2025-07-21T00:00:00.000Z,0,1.45,0.47,0.3,0.7,0.293,592
2025-07-22T00:00:00.000Z,0.1,1.9,0.63,0.45,0.82,0.282,592
2025-07-23T00:00:00.000Z,0.03,1.3,0.45,0.3,0.6,0.215,593
2025-07-24T00:00:00.000Z,0.1,1.55,0.5,0.32,0.68,0.234,594
2025-07-25T00:00:00.000Z,0,1.23,0.4,0.25,0.5,0.216,592
2025-07-26T00:00:00.000Z,0,1.05,0.3,0.2,0.45,0.197,586
2025-07-27T00:00:00.000Z,0,1.33,0.32,0.22,0.45,0.182,590
2025-07-28T00:00:00.000Z,0,1.58,0.56,0.4,0.77,0.273,592
2025-07-29T00:00:00.000Z,0.1,1.52,0.55,0.4,0.73,0.261,593
2025-07-30T00:00:00.000Z,0.13,1.6,0.63,0.5,0.82,0.263,592
2025-07-31T00:00:00.000Z,0.1,1.5,0.52,0.4,0.7,0.232,589
2025-08-01T00:00:00.000Z,0.08,1.58,0.5,0.38,0.65,0.224,592
2025-08-02T00:00:00.000Z,0.08,1.35,0.45,0.3,0.6,0.213,593
2025-08-03T00:00:00.000Z,0,1.7,0.4,0.3,0.54,0.201,592
2025-08-04T00:00:00.000Z,0.08,1.35,0.5,0.4,0.68,0.211,589
2025-08-05T00:00:00.000Z,0.03,1.83,0.45,0.32,0.6,0.216,555
2025-08-06T00:00:00.000Z,0.08,1.3,0.5,0.35,0.6,0.215,475
2025-08-07T00:00:00.000Z,0.1,1.12,0.5,0.38,0.63,0.188,569
2025-08-08T00:00:00.000Z,0.1,1.9,0.82,0.6,1.1,0.355,574
2025-08-09T00:00:00.000Z,0.35,2.58,1.17,0.9,1.48,0.4,565
2025-08-10T00:00:00.000Z,0.2,1.92,0.9,0.73,1.08,0.27,591
2025-08-11T00:00:00.000Z,0.22,2.78,0.85,0.7,1.04,0.288,592
2025-08-12T00:00:00.000Z,0.2,1.85,0.7,0.55,0.9,0.267,592
2025-08-13T00:00:00.000Z,0.2,1.88,0.63,0.5,0.8,0.245,579
2025-08-14T00:00:00.000Z,0.2,1.77,0.77,0.6,0.95,0.266,586
2025-08-15T00:00:00.000Z,0.25,2.04,0.88,0.7,1.05,0.263,487
2025-08-16T00:00:00.000Z,0.32,2.1,0.88,0.73,1.01,0.239,577
2025-08-17T00:00:00.000Z,0.2,1.83,0.8,0.68,0.98,0.25,590
2025-08-18T00:00:00.000Z,0.4,2.1,1.02,0.82,1.24,0.284,592
2025-08-19T00:00:00.000Z,0.1,6.72,1.12,0.73,3.98,1.86,592
2025-08-20T00:00:00.000Z,0.1,4.93,1.1,0.6,2.44,1.15,573
2025-08-21T00:00:00.000Z,0.98,3.78,2.06,1.77,2.4,0.45,378
2025-08-22T00:00:00.000Z,0.22,2.85,0.97,0.73,1.35,0.448,378
2025-08-23T00:00:00.000Z,0.3,2.45,1.12,0.88,1.4,0.384,587
2025-08-24T00:00:00.000Z,0.3,2.4,1.04,0.82,1.32,0.35,572
2025-08-25T00:00:00.000Z,0.13,2.08,0.85,0.65,1.1,0.293,558
2025-08-26T00:00:00.000Z,0.45,2.5,1.23,1,1.5,0.363,591
2025-08-27T00:00:00.000Z,0,2.97,1.1,0.75,1.42,0.498,593
2025-08-28T00:00:00.000Z,0,0.95,0.22,0.13,0.35,0.166,590
2025-08-29T00:00:00.000Z,0,1.25,0.22,0.15,0.37,0.171,593
2025-08-30T00:00:00.000Z,0,1.45,0.3,0.2,0.47,0.218,593
2025-08-31T00:00:00.000Z,0,1,0.28,0.15,0.4,0.188,593
2025-09-01T00:00:00.000Z,0,1.92,0.17,0.1,0.28,0.17,591
2025-09-02T00:00:00.000Z,0,1.05,0.2,0.1,0.32,0.167,593
2025-09-03T00:00:00.000Z,0,1.67,0.2,0.1,0.32,0.209,593
2025-09-04T00:00:00.000Z,0,1.05,0.25,0.13,0.4,0.179,593
2025-09-05T00:00:00.000Z,0.03,1.08,0.3,0.2,0.45,0.184,459
2025-09-06T00:00:00.000Z,0.1,0.52,0.2,0.1,0.35,0.142,7
2025-09-07T00:00:00.000Z,0.1,1.83,0.52,0.4,0.73,0.279,254
2025-09-08T00:00:00.000Z,0.03,1.63,0.6,0.43,0.8,0.293,309
2025-09-09T00:00:00.000Z,0,1.23,0.32,0.2,0.47,0.196,590
2025-09-10T00:00:00.000Z,0,0.9,0.22,0.15,0.32,0.15,559
2025-09-11T00:00:00.000Z,0,1.27,0.3,0.2,0.4,0.186,587
2025-09-12T00:00:00.000Z,0,1.45,0.35,0.22,0.5,0.222,594
2025-09-13T00:00:00.000Z,0,1.23,0.32,0.2,0.5,0.198,593
2025-09-14T00:00:00.000Z,0,1.4,0.32,0.2,0.5,0.22,593
2025-09-15T00:00:00.000Z,0,1.3,0.35,0.25,0.5,0.192,505
2025-09-16T00:00:00.000Z,0.03,1.25,0.4,0.3,0.52,0.203,592
2025-09-17T00:00:00.000Z,0.1,1.33,0.4,0.3,0.52,0.186,594
2025-09-18T00:00:00.000Z,0.05,1.25,0.4,0.3,0.54,0.188,592
2025-09-19T00:00:00.000Z,0.1,1.55,0.45,0.32,0.6,0.207,563
2025-09-20T00:00:00.000Z,0.1,1.48,0.4,0.28,0.52,0.218,462
2025-09-21T00:00:00.000Z,0.03,1.75,0.47,0.3,0.63,0.262,589
2025-09-22T00:00:00.000Z,0,1.27,0.2,0.15,0.32,0.163,592
2025-09-23T00:00:00.000Z,0,1.14,0.3,0.2,0.47,0.201,592
2025-09-24T00:00:00.000Z,0,0.95,0.2,0.1,0.3,0.158,592
2025-09-25T00:00:00.000Z,0,5.4,0.2,0.1,0.3,0.341,591
2025-09-26T00:00:00.000Z,0,0.95,0.2,0.1,0.28,0.134,586
2025-09-27T00:00:00.000Z,0,1.05,0.2,0.15,0.32,0.164,590
2025-09-28T00:00:00.000Z,0,0.95,0.2,0.1,0.3,0.167,587
2025-09-29T00:00:00.000Z,0,1.17,0.22,0.13,0.4,0.186,589
2025-09-30T00:00:00.000Z,0,1.3,0.35,0.22,0.47,0.191,590
2025-10-01T00:00:00.000Z,0,0.95,0.28,0.2,0.38,0.157,579
2025-10-02T00:00:00.000Z,0,1.35,0.25,0.2,0.4,0.191,566
2025-10-03T00:00:00.000Z,0,1.23,0.3,0.2,0.4,0.177,548
2025-10-04T00:00:00.000Z,0,1.23,0.38,0.22,0.5,0.201,582
2025-10-05T00:00:00.000Z,0,1.77,0.4,0.3,0.56,0.247,592
2025-10-06T00:00:00.000Z,0,1.73,0.5,0.3,0.7,0.297,592
2025-10-07T00:00:00.000Z,0,1.12,0.2,0.1,0.35,0.183,586
2025-10-08T00:00:00.000Z,0,1.67,0.4,0.2,0.63,0.3,590
2025-10-09T00:00:00.000Z,0.1,1.92,0.5,0.38,0.68,0.258,593
2025-10-10T00:00:00.000Z,0,1.27,0.3,0.17,0.4,0.197,591
2025-10-11T00:00:00.000Z,0,1.33,0.2,0.1,0.32,0.18,593
2025-10-12T00:00:00.000Z,0,1.85,0.4,0.22,0.56,0.256,585
2025-10-13T00:00:00.000Z,0,1.67,0.47,0.3,0.7,0.285,592
2025-10-14T00:00:00.000Z,0.08,1.65,0.52,0.4,0.75,0.281,581
2025-10-15T00:00:00.000Z,0.1,2.1,0.5,0.35,0.7,0.311,585
2025-10-16T00:00:00.000Z,0.1,1.5,0.5,0.38,0.7,0.257,505
2025-10-17T00:00:00.000Z,0.1,1.33,0.5,0.35,0.63,0.227,589
2025-10-18T00:00:00.000Z,0.1,1.23,0.45,0.3,0.6,0.211,590
2025-10-19T00:00:00.000Z,0,1.65,0.3,0.2,0.4,0.185,592
2025-10-20T00:00:00.000Z,0,1.48,0.2,0.1,0.35,0.194,592
2025-10-21T00:00:00.000Z,0,0.75,0.1,0,0.1,0.1,592
2025-10-22T00:00:00.000Z,0,1.45,0.2,0.1,0.32,0.181,591
2025-10-23T00:00:00.000Z,0,1.05,0.2,0.1,0.3,0.16,593
2025-10-24T00:00:00.000Z,0,1.3,0.3,0.2,0.45,0.2,591
2025-10-25T00:00:00.000Z,0,1.4,0.3,0.2,0.47,0.236,594
2025-10-26T00:00:00.000Z,0,1.1,0.1,0.03,0.17,0.151,593
2025-10-27T00:00:00.000Z,0,0.85,0.2,0.1,0.3,0.141,587
2025-10-28T00:00:00.000Z,0,1.02,0.2,0.1,0.38,0.185,592
2025-10-29T00:00:00.000Z,0,1.14,0.25,0.2,0.4,0.186,593
2025-10-30T00:00:00.000Z,0,1.27,0.2,0.1,0.32,0.166,594
2025-10-31T00:00:00.000Z,0,1.55,0.22,0.1,0.39,0.206,593
2025-11-01T00:00:00.000Z,0.05,1.35,0.38,0.22,0.56,0.234,593
2025-11-02T00:00:00.000Z,0,0.8,0.1,0.1,0.2,0.108,593
2025-11-03T00:00:00.000Z,0,1.4,0.2,0.1,0.32,0.171,591
2025-11-04T00:00:00.000Z,0,1.42,0.3,0.2,0.47,0.235,591
2025-11-05T00:00:00.000Z,0,1.23,0.22,0.15,0.35,0.185,592
2025-11-06T00:00:00.000Z,0,0.98,0.13,0.1,0.25,0.154,593
2025-11-07T00:00:00.000Z,0,1.1,0.2,0.1,0.3,0.172,593
2025-11-08T00:00:00.000Z,0,1,0.13,0.1,0.25,0.144,593
2025-11-09T00:00:00.000Z,0,1.2,0.2,0.1,0.3,0.143,592
2025-11-10T00:00:00.000Z,0,1.5,0.3,0.2,0.4,0.187,592
2025-11-11T00:00:00.000Z,0,1.7,0.4,0.25,0.6,0.287,592
2025-11-12T00:00:00.000Z,0,1.63,0.32,0.2,0.54,0.264,592
2025-11-13T00:00:00.000Z,0,3.13,0.44,0.2,0.85,0.562,594
2025-11-14T00:00:00.000Z,0,1.35,0.2,0.1,0.3,0.195,593
2025-11-15T00:00:00.000Z,0,1.08,0.2,0.1,0.32,0.18,593
2025-11-16T00:00:00.000Z,0,0.9,0.15,0.1,0.3,0.17,593
2025-11-17T00:00:00.000Z,0,1.15,0.1,0.1,0.2,0.142,592
2025-11-18T00:00:00.000Z,0,0.43,0.1,0.1,0.2,0.085,68

